1748576748734,2.1452048,6.0142345,7.639898
1748576748734,1.9991584,5.9424086,7.6590514
1748576748735,1.9919758,5.7604494,7.699753
1748576748735,1.9800048,5.530606,7.675811
1748576748735,1.958457,5.401319,7.61835
1748576748736,1.922544,5.327099,7.66384
1748576748736,1.9009962,5.2145715,7.666234
1748576748736,1.7429788,5.161899,7.627927
1748576748737,1.6304513,5.317522,7.66384
1748576748737,1.6328455,5.171476,7.639898
1748576748738,1.7956513,5.121197,7.627927
1748576748738,1.7405846,5.363012,7.8529816
1748576748739,1.7118542,5.580884,7.7907324
1748576748739,1.553837,5.4922986,7.702147
1748576748739,1.5466543,5.547365,7.7069354
1748576748740,1.472434,5.5760956,7.675811
1748576748740,1.3958195,5.5497594,7.6351094
1748576748740,1.4580688,5.4563856,7.6710224
1748576748741,1.5059528,5.410896,7.726089
1748576748741,1.4891934,5.463568,7.714118
1748576748742,1.42455,5.631162,7.630321
1748576748742,1.340753,5.48751,7.606379
1748576748742,1.2569559,5.451597,7.489063
1748576748743,1.1803415,5.3223104,7.575254
1748576748744,1.2497733,5.3366756,7.57286
1748576748744,1.328782,5.439626,7.524976
1748576748745,1.2282255,5.3941364,7.656657
1748576748745,1.1994951,5.446809,7.716512
1748576748745,1.0821792,5.475539,7.7332716
1748576748746,1.115698,5.4779334,7.726089
1748576748746,1.1468226,5.518635,7.809886
1748576748746,1.1180922,5.3965306,7.8290396
1748576748747,1.0726024,5.5042696,7.8984714
1748576748747,1.0223241,5.566519,8.018182
1748576748747,1.067814,5.571307,8.073248
1748576748748,1.115698,5.592855,8.111555
1748576748748,1.0941502,5.5641246,8.14268
1748576748748,1.1420342,5.5617304,8.149862
1748576748748,1.1851299,5.9064956,8.252813
1748576748748,1.091756,5.583278,8.228871
1748576748748,1.2330139,5.4324436,8.2169
1748576748748,1.1372458,5.427655,8.104373
1748576748748,1.5610195,5.5162406,8.322245
1748576748748,0.8571242,5.839458,8.121132
1748576748748,1.1587936,5.3342814,8.015787
1748576748749,1.1228806,4.984728,7.8912888
1748576748749,1.1133038,5.0038815,7.9032598
1748576748749,1.2162545,5.1379566,7.8290396
1748576748749,1.3024458,5.1355624,7.917625
1748576748749,1.3215994,5.2959743,7.869741
1748576748749,1.3814543,5.3678,7.848193
1748576748749,1.5729905,5.4779334,7.989451
1748576748749,1.6089035,5.425261,7.9367785
1748576748749,1.6998832,5.530606,7.9631147
1748576748749,1.7669208,5.6239796,8.046912
1748576748749,1.9440918,5.6359506,8.063671
1748576748749,1.9871874,5.6359506,8.128315
1748576748749,2.0326772,5.681441,8.149862
1748576748749,2.0853498,5.729325,8.130709
1748576748749,2.2098482,5.6670756,8.303091
1748576748750,2.2457612,5.6096144,8.283937
1748576748750,2.2577322,5.5138464,8.319851
1748576748750,2.504335,5.5521536,8.465898
1748576748750,2.27928,5.463568,8.511387
1748576748750,2.2409728,5.638345,8.525752
1748576748750,2.1212628,5.6790466,8.549694
1748576748750,1.9201498,5.66947,8.327033
1748576748750,1.7190368,5.5760956,8.24563
1748576748750,1.4460979,5.566519,8.152257
1748576748750,1.2808979,5.494693,8.0684595
1748576748750,1.067814,5.391742,8.030152
1748576748751,0.93613285,5.21936,8.0924015
1748576748751,0.6679823,5.121197,8.042124
1748576748751,0.60573304,4.9943047,8.152257
1748576748751,0.50757074,4.879383,8.240842
1748576748751,0.4381389,4.8698063,8.374918
1748576748751,0.47165772,4.951209,8.4587145
1748576748751,0.32800564,4.96318,8.623915
1748576748751,0.30166942,5.097255,8.784326
1748576748751,0.21068975,5.161899,9.0429
1748576748751,0.45968673,4.903325,9.55047
1748576748751,0.81402856,4.498705,10.024523
1748576748751,1.3215994,3.916914,10.601525
1748576748751,1.4221559,3.3973722,10.584765
1748576748751,1.1803415,2.9855695,10.627861
1748576748752,0.8690952,2.822764,10.673351
1748576748752,0.7110779,2.4588451,10.546458
1748576748752,0.6727707,1.7262194,10.596737
1748576748752,0.61291564,1.3551182,10.479421
1748576748752,0.33039984,1.0965444,9.94312
1748576748752,-0.11492168,1.2378023,9.572019
1748576748752,-0.6871359,1.5682021,9.344569
1748576748752,-1.0223241,1.9440918,9.038112
1748576748752,-1.151611,2.2505496,8.602366
1748576748752,-1.2066777,2.2601264,8.226477
1748576748752,-1.4580688,2.2744915,7.8793178
1748576748752,-1.721431,2.3295584,7.9224133
1748576748752,-1.6496049,2.255338,8.295909
1748576748752,-1.6519991,1.9632454,8.425196
1748576748752,-1.4796166,2.042254,8.425196
1748576748752,-1.6112977,2.3391352,8.583213
1748576748752,-1.6831238,2.4827871,8.585608
1748576748752,-1.7908629,2.7006595,8.554482
1748576748752,-1.661576,2.896984,8.599973
1748576748753,-1.6065093,3.0813377,8.722076
1748576748753,-1.3862427,2.9783869,8.959103
1748576748753,-1.1659763,2.908955,9.105149
1748576748753,-1.0869676,2.9592333,9.212888
1748576748753,-1.0606314,2.779668,9.303867
1748576748753,-1.0199299,2.4492683,9.3733
1748576748753,-0.9504981,2.4109612,9.414001
1748576748753,-0.8475474,2.5019407,9.706094
1748576748753,-0.7350199,2.3798366,9.811439
1748576748753,-0.46447513,2.2457612,9.847352
1748576748753,-0.2873042,2.1787236,9.847352
1748576748753,0.07182605,1.8986019,9.9550905
1748576748753,0.40701428,1.4676456,9.928755
1748576748753,0.59615624,1.0582372,10.0748005
1748576748753,0.92176765,0.4285621,10.254366
1748576748753,1.2378023,-0.16759412,10.340557
1748576748753,1.448492,-0.5386954,10.42196
1748576748753,1.2856863,-0.60573304,10.218452
1748576748754,1.1803415,-0.30166942,10.146626
1748576748754,1.067814,-0.12928689,9.935937
1748576748754,0.91697925,0.23942018,9.768343
1748576748754,0.7613561,0.41180268,9.61272
1748576748754,0.61770403,0.41180268,9.411607
1748576748754,0.32800564,0.24899697,9.167398
1748576748754,-0.11731588,0.011971008,9.138668
1748576748754,-0.8762778,-0.7565677,8.987833
1748576748754,-1.697489,-1.6065093,8.6574335
1748576748754,-2.2864625,-2.2457612,8.355764
1748576748754,-2.6743233,-2.9472623,8.118738
1748576748754,-3.0262709,-3.4093432,8.058883
1748576748754,-3.1292217,-3.8426938,7.979874
1748576748755,-3.277662,-4.209007,7.9607205
1748576748755,-3.4859576,-4.1659107,7.9990277
1748576748755,-3.53863,-3.9719806,8.123527
1748576748755,-3.2465374,-3.9193082,8.298303
1748576748755,-2.7485435,-3.6894648,8.537724
1748576748755,-2.4420857,-3.526659,8.944737
1748576748755,-1.8195933,-3.6248214,9.244013
1748576748755,-1.1085154,-3.4883518,9.562442
1748576748755,-0.58418524,-3.083732,9.818622
1748576748755,-0.10055647,-2.585738,10.180145
1748576748755,0.46686932,-2.018312,10.709264
1748576748755,1.1827357,-2.0757728,11.077971
1748576748755,1.9680338,-2.3774424,11.389217
1748576748755,2.6048915,-2.492364,11.951855
1748576748755,3.098097,-2.4588451,12.480973
1748576748755,3.7828386,-2.5306711,13.213599
1748576748755,4.280833,-2.2481554,14.02284
1748576748755,4.6136265,-2.1883004,14.918271
1748576748755,4.9057193,-1.9728222,15.650896
1748576748756,5.695806,-1.721431,16.879122
1748576748756,7.687782,-1.2138603,19.223045
1748576748756,11.195287,0.41180268,22.919693
1748576748756,15.114595,1.8890251,27.679365
1748576748756,17.405846,2.5187001,32.6617
1748576748756,18.413805,3.4500446,36.04471
1748576748756,23.736116,-2.030283,38.5251
1748576748756,33.557133,-16.371552,31.811758
1748576748756,37.426163,-38.862682,14.525621
1748576748756,29.894003,-51.075504,-1.9393034
1748576748756,21.095312,-51.575893,-16.170439
1748576748756,13.857639,-39.255333,-24.882938
1748576748756,12.816162,-30.68409,-23.235727
1748576748756,15.004462,-24.23411,-5.267244
1748576748756,14.877569,-17.082628,4.8698063
1748576748756,20.673931,-17.118542,20.503942
1748576748756,34.454956,-19.637243,20.774488
1748576748756,57.906162,-16.701952,12.356475
1748576748756,72.44854,-16.591818,-4.55856
1748576748757,60.815117,-21.782448,-16.668432
1748576748757,51.506462,-25.931599,-28.893227
1748576748757,59.103264,-30.181307,-27.336994
1748576748757,67.231575,-32.130188,-14.69561
1748576748757,78.340675,-36.087803,-6.1411276
1748576748757,78.426865,-41.54658,-13.599066
1748576748757,78.42926,-43.344627,-20.91814
1748576748757,78.42926,-42.734108,-27.514166
1748576748757,78.42926,-34.93619,-33.130962
1748576748757,78.42926,-31.701624,-34.07667
1748576748757,68.45262,-27.734432,-28.517336
1748576748757,59.347473,-24.021025,-22.347479
1748576748757,53.883904,-19.60133,-20.887016
1748576748757,49.121838,-13.603854,-24.447193
1748576748757,45.887268,-12.2224,-26.487053
1748576748757,46.715664,-19.124884,-25.546133
1748576748758,45.724464,-24.425646,-22.37621
1748576748758,40.71819,-22.060175,-24.7752
1748576748758,35.259407,-19.096153,-27.181372
1748576748758,30.236374,-17.27656,-26.053703
1748576748758,26.81506,-16.156073,-24.83266
1748576748758,21.957224,-17.228676,-25.206156
1748576748758,16.014814,-18.612524,-24.45677
1748576748758,14.03481,-20.920534,-23.03222
1748576748758,15.241488,-15.370775,-18.01158
1748576748758,16.812084,-13.108254,-17.06587
1748576748758,16.898275,-12.957419,-16.431406
1748576748758,15.959748,-13.79539,-15.133749
1748576748758,14.791378,-14.049175,-13.153744
1748576748758,15.155296,-14.219164,-10.488997
1748576748759,15.095442,-14.616601,-7.929596
1748576748759,14.489709,-14.202404,-6.5816603
1748576748759,13.706804,-13.534422,-5.556942
1748576748759,13.089101,-13.347674,-4.6399627
1748576748759,12.366052,-13.505692,-3.892972
1748576748759,11.765107,-13.876793,-3.6296098
1748576748759,11.525687,-14.654908,-2.9712043
1748576748759,11.587936,-15.085865,-1.7597382
1748576748759,11.401189,-14.67885,-0.49559975
1748576748759,11.233594,-14.393941,0.37828386
1748576748759,10.936713,-14.674062,0.878672
1748576748759,9.811439,-14.760254,0.92416185
1748576748759,8.475474,-14.405911,0.8619126
1748576748759,7.345411,-14.015656,0.5650316
1748576748759,6.3302693,-14.2383175,1.103727
1748576748759,5.7365074,-14.784196,1.3838485
1748576748760,4.9895163,-14.353239,-0.02633622
1748576748760,4.477157,-12.765883,-1.685518
1748576748760,4.7764325,-10.328587,-2.942474
1748576748760,6.303933,-9.004593,-3.7349546
1748576748760,8.09719,-8.856153,-3.8019924
1748576748760,10.13705,-9.68694,-3.667917
1748576748760,12.308591,-12.29662,-5.681441
1748576748760,14.073117,-16.112978,-7.101202
1748576748760,14.374787,-18.49042,-8.731653
1748576748760,13.702016,-19.10573,-10.383653
1748576748760,12.428301,-17.535133,-11.408371
1748576748760,11.420342,-14.767436,-11.729194
1748576748760,10.876859,-12.605472,-13.069947
1748576748760,10.117896,-12.160151,-12.607866
1748576748760,10.532093,-12.710816,-17.927782
1748576748760,11.209652,-13.955802,-18.44493
1748576748760,11.69807,-13.6493435,-18.96926
1748576748760,12.969391,-12.418724,-19.91497
1748576748760,14.930242,-10.754754,-18.389864
1748576748761,17.00362,-9.208099,-15.801731
1748576748761,19.883844,-9.533711,-12.473791
1748576748761,22.141577,-9.607931,-10.737994
1748576748761,22.86702,-8.820239,-10.893618
1748576748761,22.19425,-7.4746976,-11.331757
1748576748761,20.743364,-5.2624555,-11.884817
1748576748761,20.362686,-2.8993783,-9.682152
1748576748761,20.104113,-0.24181437,-7.055712
1748576748761,19.519926,3.6391866,-5.523423
1748576748761,19.007566,6.9383965,-2.5929205
1748576748761,17.683575,10.381259,1.6112977
1748576748761,15.514427,14.164097,3.9935284
1748576748761,11.563994,16.457743,7.788338
1748576748761,9.136273,15.205575,7.627927
1748576748761,8.461109,12.339716,5.449203
1748576748761,7.4866686,9.076419,-2.6910827
1748576748761,6.3230867,3.4165258,-6.4858923
1748576748761,4.3119574,1.3982137,-9.651027
1748576748761,2.183512,-0.32800564,-11.997345
1748576748762,0.50757074,-3.1651347,-13.366828
1748576748762,-0.9768343,-6.8043213,-13.589489
1748576748762,-1.9321208,-11.432313,-12.428301
1748576748762,-2.1930888,-15.502456,-10.500969
1748576748762,-1.532289,-16.038757,-9.751583
1748576748762,-0.92176765,-14.346057,-9.414001
1748576748762,-0.830788,-11.326968,-8.803479
1748576748762,-1.3742718,-8.465898,-8.872911
1748576748762,-2.2601264,-6.55293,-9.660604
1748576748762,-3.052607,-4.7141833,-9.643845
1748576748762,-3.8833952,-1.7070658,-9.574412
1748576748762,-3.8307228,1.8387469,-9.991004
1748576748762,-2.0254946,6.105214,-10.0508585
1748576748762,1.5490485,11.216835,-9.624691
1748576748762,6.244078,14.875175,-7.4028716
1748576748762,10.714052,14.961367,-2.765303
1748576748762,15.868769,9.595961,1.8124107
1748576748762,19.529503,2.7940333,6.009446
1748576748763,22.637177,-7.752425,6.670246
1748576748763,24.916456,-20.970812,4.6806645
1748576748763,21.765688,-28.110323,1.9057846
1748576748763,15.526398,-28.136658,-1.1180922
1748576748763,10.699687,-23.13996,-2.27928
1748576748763,7.8146744,-18.495209,-3.394978
1748576748763,3.9552212,-16.950949,-4.5441947
1748576748763,-3.3255463,-16.709133,-5.0781016
1748576748763,-11.868058,-15.86398,-6.5026517
1748576748763,-10.469844,-11.413159,-8.983045
1748576748763,-0.30406362,-9.3182335,-6.0956373
1748576748763,9.983821,-12.406754,1.8962077
1748576748763,21.504719,-18.37071,2.566584
1748576748763,43.44758,-25.194185,-0.3854665
1748576748763,58.533443,-24.339455,-2.5953147
1748576748763,41.086895,-14.705187,7.0605006
1748576748763,31.47657,-12.13142,12.265495
1748576748763,34.6848,-8.485051,14.446613
1748576748763,37.292088,-4.048595,9.356541
1748576748764,33.241096,-0.60333884,7.065289
1748576748764,29.360096,4.0581717,5.9902925
1748576748764,27.499802,10.850522,4.3478703
1748576748764,25.653872,18.167202,3.7493198
1748576748764,20.70745,23.661896,4.5178585
1748576748764,14.877569,23.678656,5.5377884
1748576748764,8.985439,20.858286,5.5018754
1748576748764,4.8362875,16.500837,5.1140146
1748576748764,2.930503,12.6222315,4.9775453
1748576748764,2.3918076,8.865729,4.8817773
1748576748764,2.420538,6.4068837,5.092467
1748576748764,2.822764,3.8762126,7.0006456
1748576748764,3.490746,1.5825673,8.882488
1748576748764,3.5769374,-0.39264908,9.610326
1748576748764,3.1483753,-1.8818425,8.2169
1748576748764,2.7581203,-3.70383,7.469909
1748576748764,2.7820623,-6.078878,7.479486
1748576748764,2.2002714,-8.497022,7.4962454
1748576748764,1.5993267,-7.759608,7.795521
1748576748765,1.2593501,-6.8522053,8.1881695
1748576748765,0.92416185,-6.3087215,7.493851
1748576748765,0.7038953,-6.0716953,6.0621185
1748576748765,0.39025488,-7.81228,2.042254
1748576748765,-0.21308395,-12.629414,-2.8993783
1748576748765,-1.4772224,-17.626112,-4.7764325
1748576748765,-1.6041151,-23.602041,-10.603919
1748576748765,-2.4109612,-24.028208,-9.423578
1748576748765,-3.6894648,-20.752941,-8.451532
1748576748765,-2.896984,-15.126566,-5.341464
1748576748765,-1.1875241,-9.998186,-3.0358477
1748576748765,0.92655605,-6.167464,-2.0925324
1748576748765,3.9312792,-3.6703112,-2.2002714
1748576748765,8.307879,-1.922544,-2.3918076
1748576748765,14.013263,-0.7086837,-3.0238767
1748576748765,21.265299,0.4381389,-3.9743748
1748576748765,27.633877,0.9696517,-5.0062757
1748576748765,27.57881,1.1875241,-3.502717
1748576748765,23.211786,0.5243302,-0.2825158
1748576748766,21.878216,-1.8722657,0.8475474
1748576748766,23.348255,-4.654328,1.7812861
1748576748766,22.90054,-6.069301,1.9967642
1748576748766,20.175938,-6.2105594,2.1763294
1748576748766,16.601395,-6.0980315,1.4987702
1748576748766,13.486538,-6.7492547,-0.02873042
1748576748766,10.99178,-8.305486,-1.163582
1748576748766,8.604761,-10.819398,0.45489833
1748576748766,4.9081135,-12.816162,2.2218192
1748576748766,-0.49320555,-14.578294,4.51307
1748576748766,-6.3925185,-17.209522,7.1155677
1748576748766,-10.730812,-23.44163,9.454702
1748576748766,-11.559206,-29.673737,6.291962
1748576748766,-10.414778,-33.37996,0.9744401
1748576748766,-7.493851,-34.749443,-2.4995465
1748576748766,-6.14831,-34.000057,-2.7365725
1748576748766,-7.1275387,-30.289045,0.4357447
1748576748766,-9.445126,-25.079264,3.122039
1748576748767,-11.604695,-19.792866,6.208165
1748576748767,-11.927913,-14.805743,8.7053175
1748576748767,-10.745177,-11.032481,11.662156
1748576748767,-8.432379,-8.525752,11.87524
1748576748767,-4.9057193,-8.355764,10.175357
1748576748767,-0.79008657,-10.129868,8.001422
1748576748767,2.9257145,-12.097901,4.9176903
1748576748767,6.847417,-13.55597,2.360683
1748576748767,11.566388,-14.362816,-0.30885202
1748576748767,17.908628,-14.511256,-3.2273839
1748576748767,27.897238,-13.634978,-6.0262055
1748576748767,41.079712,-10.802638,-9.296685
1748576748767,39.353493,-4.711789,-11.279084
1748576748767,30.487764,1.0845734,-7.7189064
1748576748767,33.44939,6.622362,-6.88333
1748576748767,34.210747,10.742783,-2.908955
1748576748767,34.253845,8.954314,-2.3127987
1748576748767,32.834084,5.116409,-4.0174704
1748576748767,28.589163,4.2664676,-5.7269306
1748576748768,19.936518,6.229713,-9.9790325
1748576748768,15.028404,3.881001,-11.935096
1748576748768,11.693281,-0.5291186,-12.8448925
1748576748768,7.7093296,-4.829105,-12.282255
1748576748768,3.7421372,-6.531382,-11.719617
1748576748768,0.7134721,-4.3766007,-12.162544
1748576748768,-1.6065093,0.0047884034,-15.157691
1748576748768,-5.6766524,5.5880666,-18.976442
1748576748768,-12.337321,12.94066,-21.188684
1748576748768,-17.736246,21.059399,-27.097574
1748576748768,-15.370775,22.582111,-27.734432
1748576748768,-10.352529,18.77533,-38.65678
1748576748768,-10.0987425,19.428947,-58.090515
1748576748768,-24.179043,29.000965,-74.27532
1748576748768,-51.724335,38.74776,-57.582947
1748576748768,-65.25157,37.672764,-45.853752
1748576748769,-48.927906,22.754494,-42.190624
1748576748769,-37.751774,12.301409,-39.331947
1748576748769,-37.390247,7.764396,-43.222523
1748576748769,-34.419044,5.671864,-40.761284
1748576748769,-23.525425,4.015076,-35.144485
1748576748769,-13.089101,4.074931,-36.734238
1748576748769,-6.445191,6.4164605,-34.282574
1748576748769,0.1388637,9.832987,-41.424477
1748576748769,11.034876,14.693215,-51.63575
1748576748769,77.04062,20.913351,-50.28542
1748576748769,78.41729,-5.446809,-52.82806
1748576748769,78.42926,-49.85446,-21.023485
1748576748769,78.42926,-78.2449,15.102624
1748576748769,78.42926,-78.44363,1.6184803
1748576748769,73.99041,-1.9536686,13.982138
1748576748769,78.39335,77.79958,45.93276
1748576748769,36.1716,77.50031,72.11096
1748576748769,3.6391866,38.154,32.1661
1748576748769,-7.4124484,11.990162,21.528662
1748576748769,5.2720323,-1.8818425,11.465832
1748576748770,18.215086,-15.227123,13.690045
1748576748770,26.702532,-22.38818,8.171411
1748576748770,22.026655,-22.203827,0.34476504
1748576748770,12.79222,-19.297266,-5.142745
1748576748770,5.7748146,-17.377115,-6.021417
1748576748770,3.478775,-15.404294,-6.8641763
1748576748770,1.7956513,-13.898341,-8.520964
1748576748770,-2.6839,-10.43872,-16.393099
1748576748770,-6.2009826,-9.0237465,-21.940464
1748576748770,-9.727641,-7.038953,-33.71515
1748576748770,-9.14585,-0.8643068,-43.9336
1748576748770,-0.17238252,6.2991447,-43.964725
1748576748770,15.483302,7.764396,-36.355953
1748576748770,33.71036,8.202535,-39.042248
1748576748770,31.842882,7.855376,-52.363586
1748576748770,19.009962,8.3150625,-71.13173
1748576748770,8.236053,16.440983,-78.371796
1748576748770,-12.3516865,29.814993,-78.42926
1748576748771,-62.7209,54.16642,-78.42926
1748576748771,-78.34546,61.60281,-75.04386
1748576748771,-41.14196,42.643127,-63.707314
1748576748771,19.35712,30.269892,-20.88941
1748576748771,29.431921,17.123331,-37.0383
1748576748771,45.68376,3.1723173,-38.149208
1748576748771,65.15341,-9.143456,-43.947968
1748576748771,78.32391,-41.88177,-35.139698
1748576748771,78.426865,-78.182655,-10.647015
1748576748771,34.249054,-78.44363,20.69548
1748576748771,29.022512,-63.46789,22.795195
1748576748771,38.350323,-42.049366,25.771187
1748576748771,32.431858,-18.658014,26.949135
1748576748771,26.609158,-2.2481554,22.304382
1748576748771,18.315643,3.41892,22.424093
1748576748771,13.00291,1.757344,15.777789
1748576748771,12.8832,-1.3096284,8.121132
1748576748771,15.200787,-1.9177556,1.4413095
1748576748771,17.465702,-1.8579005,-3.1603463
1748576748772,17.034744,-1.8267759,-6.385336
1748576748772,14.17128,-2.1739352,-8.190564
1748576748772,9.545682,-0.6703765,-11.801021
1748576748772,9.55047,-2.542642,-10.943896
1748576748772,7.297527,-2.861071,-13.393165
1748576748772,6.3589997,-3.430891,-12.643779
1748576748772,7.563283,-2.8993783,-12.054806
1748576748772,10.642226,-2.1045034,-11.848905
1748576748772,12.41633,-1.9800048,-24.447193
1748576748772,14.841657,-4.357447,-38.072594
1748576748772,12.7730665,-9.622296,-47.632645
1748576748772,8.224083,-14.267048,-50.79778
1748576748772,4.1611223,-12.761095,-48.386818
1748576748772,-2.4779987,-9.157822,-44.89607
1748576748772,-12.698846,-4.7022123,-42.904095
1748576748772,-24.528597,1.0031705,-41.809944
1748576748772,-35.16843,6.7324953,-38.80522
1748576748772,-31.055191,11.077971,-33.873165
1748576748772,-15.375564,10.776301,-26.740839
1748576748773,-5.5737014,6.0477533,-20.216639
1748576748773,-0.80205756,1.2641385,-17.417818
1748576748773,2.9496565,-2.1332338,-16.699556
1748576748773,6.172252,-4.1539397,-16.225506
1748576748773,8.4347725,-5.195418,-15.8304615
1748576748773,10.352529,-5.657499,-15.650896
1748576748773,11.506534,-5.9184666,-12.871228
1748576748773,14.537593,-8.99741,-9.425972
1748576748773,20.973207,-16.685192,-6.1746464
1748576748773,32.34806,-31.052795,-2.89459
1748576748773,30.375237,-39.10689,-0.7469909
1748576748773,20.657173,-35.98485,-0.2633622
1748576748773,19.752165,-32.80535,-0.46926352
1748576748773,25.821465,-27.617117,0.016759412
1748576748773,31.301792,-21.492748,1.8507179
1748576748773,33.44221,-13.982138,4.5633483
1748576748773,30.849289,-7.40766,6.3206925
1748576748773,26.520573,-4.5298295,8.286332
1748576748774,23.764847,-4.9176903,9.13388
1748576748774,22.440853,-6.909666,10.378864
1748576748774,22.35945,-9.524135,10.860099
1748576748774,22.874203,-13.170504,10.065224
1748576748774,22.527044,-15.1936035,5.66947
1748576748774,19.136854,-11.700463,-3.9025488
1748576748774,17.997213,-12.583924,0.9864111
1748576748774,17.494432,-7.40766,-5.161899
1748576748774,15.097836,-7.3789296,-12.943054
1748576748774,13.388376,-7.5704656,-20.915747
1748576748774,12.291832,-4.3598413,-26.106375
1748576748774,13.441049,-0.016759412,-31.02646
1748576748774,16.139313,5.485116,-32.532413
1748576748774,18.880674,10.869676,-23.264458
1748576748774,20.444088,11.353305,-19.57978
1748576748774,18.602947,8.825027,-27.1287
1748576748774,15.7323,9.627085,-37.89782
1748576748774,11.786655,17.678785,-48.494556
1748576748775,5.638345,28.85013,-54.243034
1748576748775,-4.256891,33.722332,-51.96136
1748576748775,-15.746665,34.91225,-49.418716
1748576748775,-23.18545,32.82211,-49.210423
1748576748775,-19.416975,27.269957,-48.089935
1748576748775,-14.571112,24.013844,-47.098736
1748576748775,-13.962984,22.570139,-42.774807
1748576748775,-8.432379,19.452888,-35.16364
1748576748775,5.2840033,10.364499,-30.16694
1748576748775,18.138472,-1.8387469,-33.58586
1748576748775,35.783737,-14.67885,-55.33479
1748576748775,65.21566,-30.10948,-41.359833
1748576748775,78.32631,-60.973133,-22.9173
1748576748775,78.426865,-50.3333,0.89303726
1748576748775,48.21204,-47.87685,32.283417
1748576748775,53.390697,-37.7398,34.802116
1748576748775,40.011898,-15.825673,34.402283
1748576748775,26.259604,2.731784,24.710556
1748576748775,17.525557,28.28031,23.283611
1748576748775,12.679692,41.450813,20.434511
1748576748775,7.8290396,26.712109,18.468872
1748576748775,10.896012,12.670115,18.619707
1748576748776,18.7873,1.2761095,19.874268
1748576748776,29.470228,-11.427525,18.557457
1748576748776,30.629023,-16.448166,16.30212
1748576748776,20.657173,-12.605472,15.43063
1748576748776,18.29649,-8.250419,12.629414
1748576748776,23.901316,-4.9320555,9.074024
1748576748776,29.716831,-0.6919243,8.178593
1748576748776,38.42454,0.07182605,4.522647
1748576748776,34.59861,0.9648633,9.952697
1748576748776,29.218838,0.2705448,10.160992
1748576748776,27.645847,-2.0901382,7.443573
1748576748776,25.735273,-4.5537715,5.947197
1748576748776,23.760057,-5.6239796,4.003105
1748576748776,21.957224,-5.303157,2.870648
1748576748776,20.82716,-5.0541596,1.7238252
1748576748776,20.317196,-5.391742,1.2497733
1748576748776,18.801666,-7.4986396,2.7269957
1748576748776,18.456902,-7.776367,-1.4030021
1748576748776,16.24466,-9.65821,-2.1404164
1748576748776,13.330915,-11.365275,-1.8962077
1748576748776,10.254366,-12.531252,-2.4588451
1748576748776,7.477092,-13.204022,-3.8235402
1748576748776,5.631162,-13.283031,-5.094861
1748576748777,4.855441,-12.777855,-5.9448028
1748576748777,5.628768,-11.413159,-7.311892
1748576748777,6.612785,-7.8865004,-7.1466923
1748576748777,7.3885064,-6.813898,-6.9886746
1748576748777,8.171411,-6.2943563,-6.481104
1748576748777,8.329428,-6.0740895,-5.7843914
1748576748777,8.47308,-5.303157,-4.522647
1748576748777,8.552089,-3.8714242,-3.7660792
1748576748777,9.179369,-2.3558946,-2.6862943
1748576748777,10.709264,-0.062249243,-3.241749
1748576748777,14.231135,4.584896,-2.896984
1748576748777,23.070528,15.365987,1.8363527
1748576748777,36.341587,25.05532,0.46447513
1748576748777,38.695087,24.739286,3.4500446
1748576748777,29.075186,24.511837,-2.8921957
1748576748777,21.68189,22.347479,-6.033388
1748576748777,27.09997,18.976442,-8.990228
1748576748777,37.65361,12.837709,-13.163321
1748576748777,40.689457,3.1842883,-15.873557
1748576748778,34.23469,-2.8083985,-16.737864
1748576748778,27.988218,-8.307879,-16.615759
1748576748778,26.903645,-13.18008,-18.708292
1748576748778,28.759151,-18.327614,-20.317196
1748576748778,25.965117,-19.74977,-20.250158
1748576748778,27.011383,-20.846313,-16.005238
1748576748778,35.57784,-21.210234,-20.4393
1748576748778,38.333565,-21.39698,-28.38805
1748576748778,28.888437,-20.760122,-31.02646
1748576748778,18.84476,-18.440142,-31.275457
1748576748778,6.981492,-14.18325,-33.40151
1748576748778,-3.2130187,-11.707646,-38.82677
1748576748778,-15.990873,-12.337321,-44.477085
1748576748778,-28.019342,-17.721882,-48.207253
1748576748778,-20.020315,-21.962011,-48.085148
1748576748778,-8.271967,-19.737799,-51.422665
1748576748778,-3.727772,-15.164873,-54.2981
1748576748778,3.107674,-10.30225,-54.90383
1748576748778,13.364434,-7.144298,-54.32683
1748576748778,26.123135,-6.5098343,-56.515133
1748576748778,37.54587,-5.6120086,-57.34113
1748576748779,42.74608,-5.973533,-53.38591
1748576748779,41.048588,-5.185841,-52.842426
1748576748779,43.069294,-8.506598,-48.45864
1748576748779,45.4611,-9.289502,-50.567936
1748576748779,49.610252,-10.25676,-53.919815
1748576748779,50.692432,-10.254366,-56.78807
1748576748779,52.45696,-10.611102,-56.598927
1748576748779,55.36831,-14.219164,-56.467247
1748576748779,60.839058,-21.98356,-58.432888
1748576748779,74.37827,-30.782251,-57.975594
1748576748779,78.39813,-39.32955,-38.58735
1748576748779,78.42926,-40.08133,-12.761095
1748576748779,78.42926,-26.929981,3.3183637
1748576748779,76.24814,-9.009381,14.489709
1748576748779,70.94019,4.9583917,26.704926
1748576748779,64.12869,13.275848,36.743813
1748576748779,55.19353,15.7323,43.734882
1748576748779,55.073822,11.513716,43.988667
1748576748779,53.259018,0.4261679,41.76685
1748576748779,48.829742,-12.380417,38.903385
1748576748779,41.762062,-17.405846,33.485306
1748576748779,30.631416,-18.648438,25.08884
1748576748780,28.713661,-14.520833,20.738575
1748576748780,29.40319,-14.053964,15.10023
1748576748780,29.044062,-14.784196,10.647015
1748576748780,27.119123,-15.710752,6.4020953
1748576748780,24.370579,-16.905458,1.2378023
1748576748780,21.734564,-18.270153,-3.1890767
1748576748780,19.443312,-17.427395,-7.639898
1748576748780,15.473725,-15.665261,-12.732365
1748576748780,12.533646,-15.787366,-16.304514
1748576748780,9.634268,-16.383522,-19.5726
1748576748780,6.3470287,-15.112201,-24.191013
1748576748780,2.6791117,-14.216769,-30.449457
1748576748780,-3.7086184,-13.728353,-37.30645
1748576748780,-11.631032,-5.5138464,-51.923054
1748576748780,-14.621389,-0.4237737,-61.52859
1748576748780,-8.360553,-1.3455414,-61.96673
1748576748780,-5.9807158,-3.095703,-60.403316
1748576748780,-11.719617,-0.61530983,-56.785675
1748576748780,-19.02672,1.8866309,-54.76497
1748576748780,-21.614853,3.0190883,-53.589417
1748576748780,-15.5838585,3.3566709,-50.32612
1748576748781,-8.020576,2.348712,-46.93114
1748576748781,-1.7190368,-0.02633622,-41.908108
1748576748781,3.8522706,-2.0518308,-35.52277
1748576748781,9.229648,-1.5705963,-29.348124
1748576748781,15.040375,1.8555063,-24.202986
1748576748781,21.076157,6.05733,-20.341137
1748576748781,25.639505,5.1116204,-17.283743
1748576748781,32.824505,-0.93373865,-13.345281
1748576748781,60.3674,-14.573505,-13.266272
1748576748781,67.243546,-29.360096,-15.114595
1748576748781,53.965305,-42.312725,2.3942018
1748576748781,60.247692,-40.179493,30.880413
1748576748781,42.08049,-51.073112,14.353239
1748576748781,21.346703,-28.457481,25.55092
1748576748781,16.98686,-4.060566,19.627666
1748576748781,16.445772,4.381389,22.37621
1748576748781,11.511322,1.7525556,20.836737
1748576748781,6.799533,-2.5067291,16.642096
1748576748781,2.6671407,-6.3302693,7.0940194
1748576748781,0.8499416,-8.293514,-0.12210429
1748576748782,1.1228806,-11.540052,-1.3982137
1748576748782,4.72376,-16.086641,-0.48841715
1748576748782,7.5944076,-13.414712,-3.514688
1748576748782,10.251971,-8.889671,-3.040636
1748576748782,13.685257,-5.48751,-4.8817773
1748576748782,21.684284,-1.9608512,-4.4077253
1748576748782,28.589163,1.436521,-3.8139634
1748576748782,24.346638,2.8443117,-0.8810662
1748576748782,18.476055,2.15957,-1.2665327
1748576748782,13.939042,1.1803415,-4.1683054
1748576748782,13.144167,-1.553837,-4.0342298
1748576748782,17.006014,-3.0597897,-10.651803
1748576748782,22.081722,-6.8043213,-14.159308
1748576748782,21.713015,-11.307815,-15.45936
1748576748782,16.237476,-12.859258,-15.55034
1748576748782,12.064383,-12.828133,-14.180857
1748576748782,10.366894,-11.540052,-11.207258
1748576748782,10.42196,-9.0237465,-8.839393
1748576748782,12.548011,-4.501099,-3.6894648
1748576748782,12.464214,-2.6839,-3.2944214
1748576748782,12.172121,-0.9648633,-4.618415
1748576748782,11.75553,0.29448682,-5.0996494
1748576748782,11.09473,0.842759,-4.924873
1748576748782,10.359711,1.5394717,-4.5777135
1748576748782,10.1226845,1.7621324,-4.0222588
1748576748782,10.565612,1.6136919,-3.3375173
1748576748783,11.324574,0.9624691,-3.1507695
1748576748783,12.282255,-0.08619126,-3.1483753
1748576748783,13.304579,-1.412579,-3.6008794
1748576748783,14.025233,-3.0214825,-4.4484267
1748576748783,14.324509,-4.6160207,-5.3199162
1748576748783,13.718776,-6.1100025,-5.9902925
1748576748783,12.713211,-7.038953,-6.469133
1748576748783,11.484985,-7.668628,-6.612785
1748576748783,10.01734,-7.867347,-6.600814
1748576748783,8.834604,-7.908048,-6.133945
1748576748783,7.867347,-7.7452426,-5.5497594
1748576748783,7.216124,-7.4627266,-5.1523223
1748576748783,7.0126166,-6.9264255,-4.8147397
1748576748783,6.7085533,-6.7253127,-4.331111
1748576748783,6.469133,-6.7684083,-3.6248214
1748576748783,6.303933,-7.491457,-2.44448
1748576748783,6.3422403,-8.305486,-1.4556746
1748576748783,6.327875,-8.987833,-0.7038953
1748576748783,6.277597,-9.028535,-0.18914193
1748576748783,6.265626,-8.7532015,-0.110133275
1748576748783,6.114791,-7.979874,-0.33758244
1748576748783,5.5641246,-7.177817,-0.5267244
1748576748783,4.8027687,-6.7013707,-0.4357447
1748576748783,4.3358994,-6.8665705,-0.24899697
1748576748783,4.3478703,-7.2592196,-0.25617957
1748576748783,4.924873,-7.800309,-0.58897364
1748576748783,5.7724204,-8.058883,-0.6871359
1748576748784,6.5505357,-7.843405,-0.50757074
1748576748784,7.237672,-7.3909006,-0.08140286
1748576748784,7.905654,-7.3166804,0.25617957
1748576748784,8.6574335,-7.632715,0.59855044
1748576748784,9.255983,-8.073248,0.9792285
1748576748784,9.667787,-8.523358,1.376666
1748576748784,9.713276,-8.724471,1.661576
1748576748784,9.6845455,-8.827422,1.8722657
1748576748784,10.024523,-8.992621,2.4612393
1748576748784,10.87207,-9.224859,2.8083985
1748576748784,11.899182,-9.478644,2.3415294
1748576748784,13.819332,-9.631873,2.0614076
1748576748784,15.284584,-9.749189,1.3503298
1748576748784,14.4849205,-9.11712,0.7110779
1748576748784,11.858481,-8.415619,0.14604631
1748576748784,9.485827,-8.109161,-0.45010993
1748576748784,8.331821,-8.00621,-0.8571242
1748576748784,8.257602,-8.015787,-0.6344634
1748576748784,9.435549,-8.453926,-0.18914193
1748576748784,10.479421,-8.731653,-0.30406362
1748576748784,11.0061455,-9.380483,-1.0007763
1748576748784,8.137892,-8.439561,-2.2050598
1748576748784,6.813898,-8.030152,-3.4835634
1748576748784,5.7005944,-7.40766,-4.8147397
1748576748784,4.8027687,-7.417237,-5.923255
1748576748784,3.6224272,-7.762002,-6.6103907
1748576748784,2.7269957,-8.377312,-6.7684083
1748576748785,2.2242134,-9.272743,-6.8689647
1748576748785,2.516306,-9.976639,-7.2185183
1748576748785,2.5953147,-9.689334,-7.809886
1748576748785,3.4476504,-9.485827,-7.704541
1748576748785,4.417302,-9.7324295,-6.8929067
1748576748785,4.5872903,-10.129868,-6.787562
1748576748785,4.5154643,-10.108319,-6.739678
1748576748785,4.2880154,-9.346964,-6.679823
1748576748785,4.2880154,-8.236053,-6.363788
1748576748785,4.546589,-6.9527617,-6.1938
1748576748785,5.2600613,-6.009446,-6.1746464
1748576748785,5.973533,-5.3701944,-5.959168
1748576748785,6.789956,-4.8937483,-5.7125654
1748576748785,7.4723034,-4.7309427,-5.5880666
1748576748785,7.788338,-4.757279,-5.439626
1748576748785,7.831434,-4.8817773,-5.5856724
1748576748785,7.836222,-5.1523223,-5.08289
1748576748785,7.4986396,-5.5641246,-4.948815
1748576748785,7.00304,-5.839458,-4.687847
1748576748785,6.5026517,-5.913678,-4.175488
1748576748785,6.131551,-6.093243,-3.6607344
1748576748785,5.9519854,-6.6726403,-3.4332852
1748576748785,5.947197,-7.16824,-3.5769374
1748576748785,6.0621185,-7.393295,-3.6391866
1748576748786,6.2392898,-7.252037,-3.4021606
1748576748786,6.5505357,-6.667852,-3.1531637
1748576748786,6.7851677,-5.920861,-2.585738
1748576748786,6.8186865,-5.12838,-2.0590134
1748576748786,6.4404025,-4.4220905,-1.4867992
1748576748786,6.1123967,-3.928885,-0.91458505
1748576748786,5.932832,-3.4883518,-0.35194764
1748576748786,5.8226986,-3.0119057,0.31603462
1748576748786,5.8322754,-2.5234885,0.8762778
1748576748786,5.7628436,-2.1428106,1.3838485
1748576748786,5.98311,-1.7788919,1.6376339
1748576748786,6.612785,-1.4221559,2.0494366
1748576748786,7.261614,-1.0965444,2.3175871
1748576748786,8.24563,-0.61052144,2.693477
1748576748786,9.011775,-0.33997664,3.0310593
1748576748786,9.512163,-0.08379706,3.4691982
1748576748786,10.06283,-0.16759412,3.8235402
1748576748786,10.900801,-0.49559975,4.039018
1748576748786,11.86327,-0.9959879,4.012682
1748576748786,12.615048,-1.352724,3.6176388
1748576748786,13.072341,-1.5562311,3.0238767
1748576748786,12.950237,-1.6879122,2.042254
1748576748786,12.94066,-1.8650831,1.2306197
1748576748786,13.089101,-1.99437,0.521936
1748576748786,13.642161,-2.207454,-0.009576807
1748576748787,14.156915,-2.420538,-0.23702596
1748576748787,14.599842,-2.7389667,-0.25139117
1748576748787,14.688427,-2.992752,-0.23702596
1748576748787,14.578294,-3.181894,-0.079008654
1748576748787,14.405911,-3.301604,0.074220255
1748576748787,14.243106,-3.3303347,0.533907
1748576748787,14.161703,-3.572149,0.10295067
1748576748787,13.816938,-3.7948096,0.30645782
1748576748787,12.483368,-3.928885,0.33039984
1748576748787,11.848905,-4.735731,0.521936
1748576748787,11.032481,-5.463568,1.0773908
1748576748787,10.125079,-6.232107,1.4628572
1748576748787,9.32781,-7.321469,1.5155296
1748576748787,8.793902,-8.240842,1.364695
1748576748787,8.647857,-8.868123,1.1300632
1748576748787,8.834604,-9.112331,0.79726917
1748576748787,8.9758625,-9.263166,0.7733272
1748576748787,8.798691,-9.44752,0.6655881
1748576748787,8.1642275,-9.639056,0.7445967
1748576748787,7.371747,-10.084377,0.94570965
1748576748787,6.567295,-10.359711,1.2042835
1748576748787,5.6551046,-10.620679,1.5849615
1748576748787,5.1810527,-10.594342,1.769315
1748576748787,5.1235914,-10.326192,2.171541
1748576748787,5.6527104,-9.593566,2.4420857
1748576748787,6.588843,-8.549694,2.861071
1748576748787,7.599196,-7.249643,3.5529952
1748576748788,8.441956,-5.8586116,4.3981485
1748576748788,8.762778,-4.5513773,5.3558292
1748576748788,8.494628,-3.6942532,6.0405707
1748576748788,7.917625,-3.2010477,6.315904
1748576748788,7.5848308,-3.0023289,6.3542113
1748576748788,7.2951326,-2.9783869,6.3326635
1748576748788,7.1059904,-3.095703,6.351817
1748576748788,7.2209125,-3.0573955,6.26802
1748576748788,7.630321,-3.1747115,6.2009826
1748576748788,8.607155,-3.442862,6.129156
1748576748788,9.610326,-3.8283286,5.427655
1748576748788,10.556035,-4.345476,4.4819455
1748576748788,11.60709,-4.9559975,3.0478187
1748576748788,12.957419,-5.731719,1.4389153
1748576748788,14.956578,-6.871359,-0.15562311
1748576748788,17.432182,-8.051701,-1.5275006
1748576748788,19.146431,-8.590396,-2.6240451
1748576748788,19.457678,-8.322245,-3.2992098
1748576748788,19.38585,-7.9750857,-2.4492683
1748576748788,19.598934,-7.716512,0.5770026
1748576748788,18.583794,-6.873753,0.5770026
1748576748788,16.33085,-5.9663506,-2.5905263
1748576748788,16.254236,-6.2608376,-3.5673606
1748576748788,15.217546,-5.4922986,-4.6902413
1748576748788,14.616601,-3.8786068,-5.2145715
1748576748788,14.312538,-2.7150247,-5.45878
1748576748788,14.767436,-1.9536686,-5.839458
1748576748789,15.315708,-1.5729905,-6.045359
1748576748789,15.816096,-1.3910311,-6.4763155
1748576748789,15.425841,-0.61530983,-5.7029886
1748576748789,14.049175,-0.6823475,-4.8722005
1748576748789,12.825739,-1.0869676,-4.697424
1748576748789,11.51611,-1.3096284,-4.7764325
1748576748789,10.259154,-1.4867992,-4.6232033
1748576748789,9.696517,-1.6998832,-4.292804
1748576748789,8.647857,-1.4796166,-4.8099513
1748576748789,8.111555,-1.4341269,-4.711789
1748576748789,7.577648,-1.4796166,-4.5322237
1748576748789,7.216124,-1.7501614,-4.450821
1748576748789,6.921637,-1.9393034,-4.1491513
1748576748789,6.7205243,-1.982399,-3.8881836
1748576748789,5.719748,-2.1332338,-3.4045548
1748576748789,5.183447,-2.3175871,-3.181894
1748576748789,4.7620673,-2.6192567,-2.966416
1748576748789,4.2880154,-2.6910827,-3.0813377
1748576748789,3.9839516,-3.0238767,-2.9831753
1748576748789,3.9384618,-3.3542767,-2.8898015
1748576748789,3.9624038,-3.7253778,-2.9161377
1748576748789,4.5058875,-4.110844,-2.8299465
1748576748789,5.133168,-4.570531,-2.8682537
1748576748789,5.671864,-4.948815,-2.9592333
1748576748789,6.2871737,-5.207389,-2.9592333
1748576748789,6.9886746,-5.4420204,-2.9017725
1748576748789,7.795521,-5.829881,-2.8179753
1748576748790,8.65025,-6.2249246,-2.731784
1748576748790,9.749189,-6.6893997,-2.657564
1748576748790,10.941502,-7.1969705,-2.6001031
1748576748790,12.181698,-7.6231384,-2.5115175
1748576748790,13.263878,-7.8865004,-2.4995465
1748576748790,13.800179,-7.771579,-2.432509
1748576748790,13.723564,-7.252037,-1.7549498
1748576748790,13.168109,-6.682217,-0.59615624
1748576748790,12.421119,-5.9687448,0.80924016
1748576748790,11.513716,-5.0374002,2.0805612
1748576748790,10.694899,-3.6128504,3.0621839
1748576748790,10.024523,-1.8243817,3.9025488
1748576748790,9.502586,0.08140286,4.55856
1748576748790,8.664616,1.7429788,5.291186
1748576748790,7.575254,2.9903579,5.8107276
1748576748790,6.646304,3.2249897,6.093243
1748576748790,6.567295,2.4971523,6.5002575
1748576748790,7.6494746,1.2761095,6.8450227
1748576748790,9.679757,-1.0223241,8.444349
1748576748790,11.705252,-3.3303347,8.049306
1748576748790,12.514492,-2.9496565,7.702147
1748576748790,11.896789,-0.581791,8.396465
1748576748790,10.759542,1.0893618,8.602366
1748576748790,10.187328,1.5227122,8.461109
1748576748790,10.316615,0.8882488,8.470686
1748576748790,10.627861,-0.2777274,9.203311
1748576748791,10.235212,-1.460463,9.7803135
1748576748791,9.91439,-2.5953147,10.0341
1748576748791,9.167398,-3.5314474,10.376471
1748576748791,8.439561,-4.390966,10.907983
1748576748791,7.85777,-4.8985367,11.542446
1748576748791,6.8809357,-4.5082817,10.596737
1748576748791,6.291962,-3.643975,10.606314
1748576748791,5.98311,-3.4141316,11.556811
1748576748791,0.076614454,-4.477157,7.026982
1748576748791,-0.40222588,-4.024653,6.682217
1748576748791,-0.8738836,-3.691859,6.325481
1748576748791,-1.3503298,-3.2752678,6.1100025
1748576748791,-1.8148049,-2.8754363,5.932832
1748576748791,-2.3104045,-2.6264393,5.710171
1748576748791,-2.5737667,-2.291251,5.57849
1748576748791,-2.6647465,-2.2529438,5.6215854
1748576748791,-2.8921957,-2.4109612,6.021417
1748576748791,-3.169923,-2.8754363,6.155493
1748576748791,-3.2824504,-3.5338416,6.3949127
1748576748791,-3.406949,-4.285621,6.4380083
1748576748791,-3.5194764,-4.5896845,6.5098343
1748576748791,-3.6463692,-4.656722,6.55293
1748576748791,-3.608062,-4.8219223,6.1890116
1748576748791,-3.7325604,-5.535394,6.0597243
1748576748791,-3.8235402,-6.5241995,6.0764837
1748576748791,-4.0653543,-7.302315,5.9807158
1748576748791,-4.721366,-7.73806,5.803545
1748576748792,-5.257667,-7.467515,5.683835
1748576748792,-5.791574,-7.03177,5.7724204
1748576748792,-6.3446345,-6.8402343,5.4324436
1748576748792,-7.285556,-7.1107793,5.41329
1748576748792,-8.995016,-7.177817,5.0613422
1748576748792,-9.385271,-6.9982514,4.807557
1748576748792,-9.995792,-6.9240313,4.343082
1748576748792,-10.577583,-7.1275387,3.7828386
1748576748792,-10.924743,-7.577648,3.2130187
1748576748792,-10.508151,-7.553706,2.8874073
1748576748792,-9.651027,-7.2424603,2.480393
1748576748792,-8.772355,-6.667852,2.0326772
1748576748792,-8.173804,-6.2943563,1.2449849
1748576748792,-8.429984,-6.7013707,0.82599956
1748576748792,-8.78672,-7.603985,0.50517654
1748576748792,-8.925584,-8.590396,0.44532153
1748576748792,-8.63828,-9.6845455,0.81642276
1748576748792,-8.157045,-11.025299,0.7589619
1748576748792,-7.632715,-12.758701,1.1707647
1748576748792,-6.564901,-14.20001,0.33518824
1748576748792,-5.6120086,-13.055582,-0.11492168
1748576748792,-4.8243165,-10.785878,0.17477672
1748576748792,-4.7884035,-9.619903,0.7613561
1748576748792,-5.2600613,-9.059659,1.3311762
1748576748793,-5.959168,-8.135497,1.5993267
1748576748793,-6.227319,-7.0605006,1.9847932
1748576748793,-6.315904,-5.8945246,2.1404164
1748576748793,-6.3709707,-5.3199162,1.3790601
1748576748793,-6.289568,-5.3965306,0.1316811
1748576748793,-6.0381765,-6.5241995,-0.51954174
1748576748793,-5.693412,-7.8912888,-0.49799395
1748576748793,-5.645528,-8.561666,-0.08379706
1748576748793,-5.7245364,-8.0924015,0.17477672
1748576748793,-5.7508726,-6.6654577,0.5722142
1748576748793,-5.7508726,-5.3366756,1.1013328
1748576748793,-5.813122,-4.0222588,1.1563994
1748576748793,-5.961562,-2.645593,0.37828386
1748576748793,-6.2608376,-1.2665327,-1.352724
1748576748793,-6.253655,0.22744916,-2.9592333
1748576748793,-6.5218053,1.8004397,-4.51307
1748576748793,-7.326257,3.6535518,-5.901707
1748576748793,-8.324639,5.781997,-5.705383
1748576748793,-9.64145,7.9846625,-6.9647326
1748576748793,-10.469844,10.244789,-9.821015
1748576748793,-10.91756,12.054806,-13.78342
1748576748793,-10.603919,13.809755,-17.417818
1748576748793,-9.952697,16.82645,-19.970036
1748576748793,-9.26556,20.597317,-21.399374
1748576748793,-8.3821,24.092852,-22.424093
1748576748793,-7.917625,26.295517,-23.120806
1748576748793,-8.027759,26.839,-22.230164
1748576748794,-8.12592,26.645071,-19.146431
1748576748794,-7.053318,26.73605,-18.430565
1748576748794,-4.6279917,29.273905,-19.804836
1748576748794,-1.1013328,33.837254,-22.752098
1748576748794,3.7205894,37.4932,-26.056097
1748576748794,8.887277,38.88423,-30.959423
1748576748794,14.841657,35.74304,-36.43975
1748576748794,21.406557,32.45819,-45.042118
1748576748794,30.995335,26.76478,-49.85446
1748576748794,44.908043,20.712238,-56.043472
1748576748794,78.33828,10.448297,-75.06301
1748576748794,78.426865,1.1204864,-78.40292
1748576748794,78.42926,-14.195222,-78.42926
1748576748794,78.42926,-72.91062,-78.4125
1748576748794,43.457153,-77.19864,-78.42926
1748576748794,55.16001,-5.257667,-78.42926
1748576748794,78.2473,57.42014,-78.42926
1748576748794,78.426865,78.26406,-49.00452
1748576748794,63.391277,39.820362,-28.179754
1748576748794,48.382027,43.940784,-27.492619
1748576748794,41.85304,48.350903,-28.17736
1748576748794,31.1749,42.75326,-22.069752
1748576748794,23.15193,36.499603,-7.97748
1748576748794,24.112005,35.46531,15.945383
1748576748794,30.916327,36.219482,11.621455
1748576748795,30.334536,29.606699,-10.809821
1748576748795,24.27481,14.259866,-19.797653
1748576748795,20.7697,3.0550013,-17.00841
1748576748795,18.847157,-4.1826706,-12.100295
1748576748795,21.270088,-5.947197,-6.7013707
1748576748795,25.517403,-0.49559975,-2.054225
1748576748795,27.370514,6.7803793,1.9871874
1748576748795,24.303541,11.089942,5.7269306
1748576748795,18.08101,10.771513,7.5800424
1748576748795,13.831304,8.599973,7.632715
1748576748795,11.9853735,6.6534867,7.357382
1748576748795,11.896789,5.9567738,7.4387846
1748576748795,11.951855,6.4858923,7.6734166
1748576748795,11.286267,7.0700774,7.680599
1748576748795,10.354922,6.895301,7.457938
1748576748795,9.425972,6.528988,7.0700774
1748576748795,8.853758,5.9926867,6.4667387
1748576748795,8.755595,4.525041,5.542577
1748576748795,9.155427,2.4349031,4.6136265
1748576748795,10.170568,0.34955344,3.2154129
1748576748795,11.659762,-2.3439236,2.099715
1748576748795,13.603854,-5.9519854,1.3718776
1748576748795,15.68681,-9.519346,0.9528923
1748576748795,17.638084,-12.318168,0.79966336
1748576748795,18.686745,-13.345281,0.81163436
1748576748795,18.741812,-11.781867,0.4381389
1748576748795,18.442535,-9.148245,0.19871874
1748576748796,18.38268,-5.425261,-1.2689269
1748576748796,19.500772,-3.5913026,-1.1013328
1748576748796,20.70745,-2.966416,-2.0518308
1748576748796,21.437681,-3.3327289,-2.4301147
1748576748796,21.387403,-3.9025488,-2.5833437
1748576748796,20.434511,-3.7205894,-3.0214825
1748576748796,19.498379,-3.2441432,-3.2202013
1748576748796,18.87828,-2.885013,-3.2728736
1748576748796,18.51915,-2.4396915,-3.5051112
1748576748796,17.973272,-2.3391352,-3.98874
1748576748796,18.430565,-4.2305546,-3.2034419
1748576748796,19.548656,-7.69257,-2.3870192
1748576748796,21.95004,-11.499351,-1.3670892
1748576748796,24.270023,-15.20797,-1.0845734
1748576748796,25.771187,-18.828003,-1.9416976
1748576748796,26.341007,-21.282059,-6.1770406
1748576748796,23.269247,-30.700848,-15.413871
1748576748796,18.191145,-33.00407,-19.31642
1748576748796,12.411542,-34.203564,-19.713858
1748576748796,9.119514,-31.92668,-16.931795
1748576748796,7.9152308,-26.336218,-13.953407
1748576748796,8.451532,-19.668367,-12.368446
1748576748796,9.44752,-15.172056,-11.377247
1748576748796,10.081984,-12.35887,-11.020511
1748576748796,10.125079,-10.8864355,-11.801021
1748576748796,9.44752,-10.405201,-11.695675
1748576748796,8.825027,-9.595961,-11.693281
1748576748796,8.243237,-8.736442,-11.135432
1748576748797,7.680599,-7.350199,-10.496181
1748576748797,7.062895,-5.8442464,-9.562442
1748576748797,6.3781533,-4.5777135,-8.750807
1748576748797,5.731719,-3.383007,-8.09719
1748576748797,5.1666875,-2.4779987,-7.563283
1748576748797,4.2999864,-2.0853498,-7.053318
1748576748797,4.0222588,-2.0853498,-6.799533
1748576748797,3.4620156,-2.1787236,-6.3470287
1748576748797,2.6001031,-2.0398598,-6.483498
1748576748797,1.7908629,-2.3630772,-6.244078
1748576748797,0.94570965,-3.052607,-5.3486466
1748576748797,0.17717093,-3.3063924,-4.8027687
1748576748797,-0.7589619,-3.2393548,-4.88896
1748576748797,-2.0494366,-2.765303,-4.855441
1748576748797,-3.0597897,-2.6431987,-4.0198646
1748576748797,-4.3143516,-2.540248,-2.5450363
1748576748797,-5.851429,-2.2098482,-1.6950948
1748576748797,-7.297527,-2.4133554,-1.0079589
1748576748797,-8.034941,-3.5075054,0.18195933
1748576748797,-7.8505874,-4.661511,0.78529817
1748576748797,-6.6510925,-5.57849,0.93134445
1748576748797,-5.1235914,-6.0262055,1.1659763
1748576748797,-3.5122938,-6.0597243,1.6998832
1748576748797,-1.99437,-6.0764837,3.1914709
1748576748797,-1.13964,-6.3111157,3.9911342
1748576748797,-0.5793968,-6.5002575,4.654328
1748576748797,-0.4285621,-6.4667387,4.654328
1748576748798,-0.6943185,-5.3366756,4.4939165
1748576748798,-1.6041151,-2.932897,4.268862
1748576748798,-3.383007,0.62009823,3.478775
1748576748798,-5.7748146,4.6926355,1.9800048
1748576748798,-8.286332,8.013393,0.80684596
1748576748798,-10.357317,10.144233,-0.20829555
1748576748798,-12.449849,11.563994,-2.7629087
1748576748798,-13.594277,10.675745,-4.4699745
1748576748798,-12.876017,8.528147,-4.733337
1748576748798,-11.693281,7.311892,-5.0900726
1748576748798,-12.272678,6.078878,-4.6399627
1748576748798,-13.951014,4.960786,-4.24492
1748576748798,-16.515203,4.584896,-3.0262709
1748576748798,-19.541473,4.781221,-2.0638018
1748576748798,-20.544645,4.7261543,-0.7254431
1748576748798,-19.325996,3.53863,2.1547816
1748576748798,-17.678785,1.1468226,5.08289
1748576748798,-17.393875,-2.231396,4.781221
1748576748798,-17.307684,-7.5106106,3.3399115
1748576748798,-10.81461,-14.915876,4.0773253
1748576748798,-6.2704144,-25.991453,5.973533
1748576748798,-3.1268275,-23.637953,9.0716305
1748576748798,-1.0821792,-18.533516,12.928689
1748576748798,1.103727,-12.483368,16.972496
1748576748798,4.867412,-5.729325,21.016302
1748576748798,9.382876,0.33279404,22.134396
1748576748799,13.757083,3.7349546,21.088129
1748576748799,17.963696,4.0414124,19.472042
1748576748799,22.35945,2.2385786,17.839197
1748576748799,27.777529,-1.3623008,16.072275
1748576748799,30.794222,-5.3821654,12.186486
1748576748799,26.123135,-8.559271,7.8050976
1748576748799,18.571823,-9.545682,5.645528
1748576748799,13.484144,-9.351752,3.193865
1748576748799,10.089166,-8.286332,2.0446482
1748576748799,8.106767,-6.897695,1.2210429
1748576748799,7.062895,-5.973533,0.78050977
1748576748799,6.519411,-5.8226986,-0.0047884034
1748576748799,6.256049,-6.5505357,-0.6560113
1748576748799,6.2991447,-7.551312,-1.7812861
1748576748799,6.2608376,-8.413225,-3.608062
1748576748799,6.4188547,-10.539276,-5.81791
1748576748799,7.3190746,-13.862428,-7.716512
1748576748799,8.683769,-15.662868,-9.9790325
1748576748799,9.49301,-16.385916,-11.980585
1748576748799,8.856153,-16.857574,-13.278243
1748576748799,7.2592196,-17.209522,-13.589489
1748576748799,5.887342,-17.76737,-12.739547
1748576748800,3.763685,-17.638084,-11.9374895
1748576748800,1.8195933,-16.579847,-10.508151
1748576748800,0.34955344,-14.86081,-9.631873
1748576748800,-0.7493851,-13.587094,-9.260772
1748576748800,-0.7493851,-13.587094,-9.260772
1748576748800,-1.4891934,-12.641385,-9.358934
1748576748800,-1.4580688,-12.294226,-10.079589
1748576748800,-1.0031705,-13.206416,-11.314998
1748576748800,-0.50757074,-15.0715,-11.604695
1748576748800,-0.4333505,-15.916653,-11.71004
1748576748800,-0.6584055,-15.962143,-11.473015
1748576748800,-1.2282255,-15.435418,-11.121067
1748576748800,-1.9752164,-14.616601,-10.599131
1748576748800,-2.2768857,-13.797785,-10.2735195
1748576748800,-2.2385786,-13.460202,-9.691729
1748576748800,-1.7022774,-13.268666,-9.016563
1748576748800,-0.93613285,-13.043611,-8.585608
1748576748800,0.009576807,-12.873623,-8.497022
1748576748800,1.3000516,-13.761871,-8.032547
1748576748800,2.815581,-15.164873,-6.8426285
1748576748800,4.735731,-15.966931,-5.4204726
1748576748800,6.8785415,-16.21114,-4.390966
1748576748800,8.930372,-16.259024,-3.6248214
1748576748800,10.208876,-15.832856,-3.5362358
1748576748800,10.548853,-14.920665,-3.9001546
1748576748800,10.338163,-12.157756,-4.0414124
1748576748800,11.183316,-12.248735,-1.8962077
1748576748801,12.150574,-13.160927,-1.5825673
1748576748801,13.00291,-13.850457,-2.2122424
1748576748801,13.266272,-13.565547,-2.992752
1748576748801,13.196839,-12.401965,-3.5625722
1748576748801,13.464991,-11.116279,-3.4380736
1748576748801,13.972561,-10.283096,-2.384625
1748576748801,14.326903,-9.619903,-1.6998832
1748576748801,14.326903,-9.619903,-1.6998832
1748576748801,14.664485,-8.947132,-1.1372458
1748576748801,14.882358,-8.372523,-0.7637503
1748576748801,15.306131,-7.5201874,-0.56982
1748576748801,15.796943,-6.5481415,0.2873042
1748576748801,15.97172,-5.2289367,0.5291186
1748576748801,16.079458,-3.8115692,0.51954174
1748576748801,15.928624,-2.5091233,0.8882488
1748576748801,15.452178,-1.2162545,1.0845734
1748576748801,14.927848,0.22744916,1.5035586
1748576748801,14.132973,1.9177556,1.9752164
1748576748801,13.13459,3.679888,2.267309
1748576748801,12.406754,5.2241483,2.633622
1748576748801,11.693281,6.3542113,2.7820623
1748576748801,11.032481,6.8426285,2.8754363
1748576748801,10.630256,6.4499793,2.719813
1748576748801,10.6398325,5.2959743,2.621651
1748576748801,10.912771,3.9312792,2.2529438
1748576748801,10.960655,2.9137435,1.9153614
1748576748801,11.252748,2.2840683,1.6807296
1748576748802,11.580753,1.3335704,1.7046716
1748576748802,11.506534,0.5722142,1.5658079
1748576748802,10.79785,0.18674773,1.5801731
1748576748802,10.18254,0.1412579,1.5370775
1748576748802,9.825804,0.3878607,1.4652514
1748576748802,9.811439,0.47884035,0.9983821
1748576748802,9.861717,0.5626374,0.47884035
1748576748802,10.139444,0.44771573,-0.04309563
1748576748802,10.474632,0.15322891,-0.34955344
1748576748802,10.596737,-0.50038815,-0.4381389
1748576748802,10.453085,-1.1659763,-0.1388637
1748576748802,10.031705,-1.5562311,-0.33518824
1748576748802,9.655815,-1.8411411,-0.23463176
1748576748802,9.421184,-1.9560628,0.18674773
1748576748802,9.916783,-2.147599,0.58657944
1748576748802,10.328587,-2.2050598,0.6679823
1748576748802,10.503363,-2.2385786,0.46686932
1748576748802,10.374076,-2.384625,0.20829555
1748576748802,10.168175,-2.621651,-0.23702596
1748576748802,10.520123,-2.9496565,-0.6991069
1748576748802,11.822568,-3.2728736,-1.2449849
1748576748802,13.706804,-3.41892,-2.1643584
1748576748802,16.950949,-3.1914709,-4.084508
1748576748802,17.78892,-3.0358477,-4.853047
1748576748802,17.815254,-3.0550013,-5.494693
1748576748803,17.559074,-3.1723173,-6.1938
1748576748803,17.61893,-2.8874073,-7.2113357
1748576748803,17.78892,-3.3375173,-7.785944
1748576748803,18.28452,-3.4261026,-8.075643
1748576748803,18.2917,-3.4931402,-9.033323
1748576748803,18.409018,-3.3758245,-9.557653
1748576748803,18.72984,-3.2704794,-10.340557
1748576748803,18.696321,-2.918532,-11.066
1748576748803,17.894264,-2.9712043,-11.358093
1748576748803,16.067488,-3.004723,-11.571177
1748576748803,13.972561,-3.289633,-11.03727
1748576748803,12.212823,-3.5936968,-9.880871
1748576748803,10.87207,-4.1635165,-8.62152
1748576748803,9.866506,-4.673482,-6.8929067
1748576748803,9.23683,-5.631162,-4.927267
1748576748803,9.01417,-6.325481,-3.3782187
1748576748803,8.511387,-6.6391215,-2.1045034
1748576748803,8.197746,-6.9407907,-0.6751649
1748576748803,8.307879,-6.895301,0.5243302
1748576748803,8.26239,-5.7005944,0.6967127
1748576748803,8.528147,-5.0302176,1.2569559
1748576748803,8.939949,-5.1930237,1.5682021
1748576748803,9.416395,-5.9783216,2.6120741
1748576748803,9.299079,-7.405266,3.7301662
1748576748803,9.062054,-9.301474,5.437232
1748576748803,8.307879,-10.864887,5.17387
1748576748803,7.553706,-11.439496,5.446809
1748576748804,7.1059904,-10.673351,6.6391215
1748576748804,7.1730285,-8.836999,6.7444663
1748576748804,7.8386164,-6.9024835,7.0485296
1748576748804,9.279925,-5.5377884,6.9623384
1748576748804,11.45865,-4.6279917,6.8809357
1748576748804,13.261483,-3.9743748,7.0724716
1748576748804,13.67568,-3.6463692,7.5106106
1748576748804,12.002133,-4.086902,7.410054
1748576748804,9.672575,-5.1523223,6.873753
1748576748804,7.477092,-6.4044895,6.3326635
1748576748804,6.241684,-7.9822683,5.875371
1748576748804,6.4427967,-9.569624,5.801151
1748576748804,8.295909,-11.417948,6.6870055
1748576748804,11.130644,-13.201628,6.945579
1748576748804,14.168885,-13.680469,5.9160724
1748576748804,16.170439,-12.591106,4.675876
1748576748804,17.245436,-11.264719,3.6990416
1748576748804,17.61893,-10.457873,2.5713725
1748576748804,17.599777,-9.76116,1.9800048
1748576748804,17.24783,-8.214506,2.0614076
1748576748804,15.160085,-9.660604,0.93373865
1748576748804,11.935096,-7.9032598,0.6344634
1748576748804,9.502586,-8.286332,-0.5363012
1748576748804,0.7685388,-8.468291,-7.1251445
1748576748804,1.0654198,-6.6103907,-7.3669586
1748576748804,0.9672575,-5.415684,-6.7708025
1748576748804,0.17956513,-4.5896845,-6.2823853
1748576748805,-1.4341269,-4.1683054,-6.4858923
1748576748805,-3.560178,-4.5441947,-6.325481
1748576748805,-4.5657425,-5.662287,-5.427655
1748576748805,-5.023035,-6.457162,-5.023035
1748576748805,-4.9440265,-6.600814,-5.3558292
1748576748805,-4.223372,-6.5361705,-5.145139
1748576748805,-3.2872388,-6.411672,-3.9384618
1748576748805,-2.966416,-6.363788,-2.3439236
1748576748805,-3.1986535,-6.4882865,-0.079008654
1748576748805,-3.6367924,-6.634333,0.6727707
1748576748805,-4.414908,-6.919243,0.7541735
1748576748805,-4.8578353,-6.483498,0.7278373
1748576748805,-5.0517654,-5.3199162,0.46447513
1748576748805,-4.7261543,-3.8307228,1.448492
1748576748805,-4.201824,-1.9871874,3.1794999
1748576748805,-3.9815574,0.37588966,3.6966474
1748576748805,-4.1036615,2.4899697,3.763685
1748576748805,-4.1946416,4.048595,3.3542767
1748576748805,-4.673482,5.046977,2.2481554
1748576748805,-5.401319,5.4539914,2.7269957
1748576748805,-6.3063273,6.6103907,1.3359646
1748576748805,-6.847417,6.715736,0.6847417
1748576748805,-6.3542113,5.935226,-0.6631939
1748576748805,-7.3190746,5.207389,-1.1755531
1748576748805,-6.4260373,4.6232033,-1.7932571
1748576748805,-5.4061074,4.2305546,-2.1739352
1748576748805,-4.88896,4.673482,-2.9616275
1748576748806,-4.7907977,5.0637364,-3.7924154
1748576748806,-5.2241483,5.106832,-4.6926355
1748576748806,-5.7365074,4.8482585,-5.374983
1748576748806,-6.220136,4.474763,-5.923255
1748576748806,-6.5337763,4.321534,-6.303933
1748576748806,-6.6103907,4.5992613,-6.9647326
1748576748806,-6.1243677,8.949526,-9.097966
1748576748806,-6.4020953,9.105149,-11.662156
1748576748806,-6.3805475,8.963891,-14.645331
1748576748806,-5.6527104,9.215282,-17.724276
1748576748806,-3.25372,10.038888,-20.87744
1748576748806,2.0709844,10.888829,-22.464794
1748576748806,8.765172,12.504915,-27.506983
1748576748806,5.78918,13.802573,-29.937098
1748576748806,4.060566,14.554352,-28.62747
1748576748806,7.809886,14.676456,-30.590715
1748576748806,7.8146744,17.678785,-32.51565
1748576748806,10.340557,20.803219,-40.09809
1748576748806,12.861651,20.966024,-40.93127
1748576748806,18.009186,19.194315,-46.75876
1748576748806,30.147787,19.194315,-60.96356
1748576748806,40.270473,14.025233,-66.34333
1748576748807,54.750603,5.2241483,-71.39749
1748576748807,69.78858,-9.193734,-76.02069
1748576748807,78.36222,-18.902222,-78.4101
1748576748807,78.42926,-13.220781,-78.42926
1748576748807,78.42926,-2.255338,-78.42926
1748576748807,78.42926,-10.907983,-78.42926
1748576748807,78.42926,-49.86404,-78.42926
1748576748807,78.42926,-63.554085,-78.42926
1748576748807,78.42926,-9.229648,-78.42926
1748576748807,78.42926,77.744514,-78.42926
1748576748807,78.09407,78.42447,-28.46227
1748576748807,40.01908,44.659046,-30.095116
1748576748807,50.488926,41.599255,-31.620222
1748576748807,43.787556,42.46835,-30.480581
1748576748807,38.027107,38.754944,-14.7794075
1748576748807,31.97217,43.15309,8.453926
1748576748807,29.125463,40.2178,8.508993
1748576748807,31.20842,21.976377,-10.69011
1748576748807,33.746273,7.2951326,-24.95237
1748576748807,36.317646,-6.0836663,-17.616535
1748576748807,36.51397,-9.138668,-9.662998
1748576748807,35.082237,-0.49081135,-7.321469
1748576748807,-12.275072,-20.257341,0.7110779
1748576748807,-3.2513258,8.9998045,45.33421
1748576748807,-4.489128,27.030537,-32.676064
1748576748807,-20.693085,8.7125,-15.629349
1748576748807,-3.821146,-0.35673606,26.870125
1748576748807,-11.051635,30.581139,23.724144
1748576748808,14.295778,23.93723,14.67885
1748576748808,-15.555128,15.332468,-19.55584
1748576748808,-14.942213,17.324444,-12.363658
1748576748808,-4.793192,16.146496,-8.1642275
1748576748808,5.533,25.59641,-15.588647
1748576748808,17.436972,4.4196963,-15.286978
1748576748808,12.813767,28.067226,-14.86081
1748576748808,6.265626,46.868893,-5.161899
1748576748808,23.015461,39.384617,-1.3311762
1748576748808,77.99591,4.673482,5.959168
1748576748808,-36.051888,21.11686,-42.252872
1748576748808,-7.809886,-28.007372,-4.5920787
1748576748808,-23.013067,24.236504,-0.5243302
1748576748808,-33.686417,-4.0773253,-28.036102
1748576748808,-78.11801,77.78522,69.81253
1748576748808,77.205826,78.42447,-8.779537
1748576748808,-21.37304,45.992615,4.8027687
1748576748808,34.723106,-19.273323,-44.955925
1748576748808,39.43729,11.046846,-22.40494
1748576748808,78.1252,15.533581,-41.63038
1748576748808,78.426865,3.6535518,-56.77131
1748576748808,78.42926,-13.309367,-28.90759
1748576748808,78.42926,-47.891216,-26.951529
1748576748808,78.42926,-52.17205,-0.34476504
1748576748808,78.42926,-19.098547,13.515268
1748576748808,78.42926,-17.345991,25.77837
1748576748808,78.42926,-3.2704794,3.6415808
1748576748809,78.42926,-6.8162923,-18.677168
1748576748809,78.42926,-18.945318,-37.26096
1748576748809,72.12772,-31.742327,-43.12915
1748576748809,54.039528,-36.585796,-37.2035
1748576748809,50.060364,-37.77811,-27.11194
1748576748809,50.773834,-29.32897,-21.62922
1748576748809,52.856792,-24.341848,-21.942858
1748576748809,54.796093,-25.397692,-17.156849
1748576748809,56.823982,-25.622747,-15.397111
1748576748809,54.90383,-21.193474,-21.291636
1748576748809,51.997272,-15.205575,-20.350714
1748576748809,50.089092,-10.16578,-21.600489
1748576748809,48.145,-6.4547677,-25.005043
1748576748809,44.40047,-3.8426938,-29.09434
1748576748809,39.954437,0.89064306,-27.657818
1748576748809,36.437355,6.8043213,-24.032997
1748576748809,35.75501,13.8720045,-23.791182
1748576748809,36.509182,17.669209,-22.21101
1748576748809,31.859642,19.687521,-20.697874
1748576748809,25.103205,22.38818,-17.434576
1748576748809,17.997213,25.251646,-13.381193
1748576748809,11.707646,29.652187,-9.797073
1748576748809,4.249708,46.167393,-4.8745947
1748576748809,3.4165258,72.08223,-6.5337763
1748576748809,20.602106,78.37898,-16.761806
1748576748809,22.50789,64.96427,-25.263617
1748576748809,11.547235,26.226086,-27.92118
1748576748810,9.624691,17.252617,-28.10314
1748576748810,26.178202,25.036167,-16.278177
1748576748810,29.534872,57.34592,-30.90675
1748576748810,43.770794,60.863003,-51.23831
1748576748810,49.188873,41.685448,-57.23818
1748576748810,46.84495,25.900475,-54.539913
1748576748810,41.72136,13.814544,-49.246334
1748576748810,34.802116,11.379641,-46.995785
1748576748810,34.323277,9.471462,-43.80671
1748576748810,34.359188,3.70383,-25.206156
1748576748810,36.703114,8.063671,-35.132515
1748576748810,39.080555,10.556035,-37.950493
1748576748810,48.183308,8.329428,-46.421177
1748576748810,56.258953,-0.4237737,-57.293247
1748576748810,63.815052,-18.22227,-68.98653
1748576748810,65.20369,-33.775,-78.35504
1748576748810,58.95961,-45.7101,-78.42926
1748576748810,54.32204,-40.869022,-78.42926
1748576748810,50.187256,-20.647596,-78.42926
1748576748810,55.849545,-2.6791117,-78.42926
1748576748810,69.92984,18.511967,-76.11407
1748576748810,67.00173,17.070658,-49.67011
1748576748810,54.26458,6.093243,-32.19004
1748576748810,52.028397,1.4556746,-20.980389
1748576748810,49.600677,1.9249382,-12.955026
1748576748810,43.94557,6.1100025,-4.039018
1748576748811,38.82198,9.844957,4.450821
1748576748811,34.670433,10.546458,10.500969
1748576748811,32.57551,7.599196,12.706028
1748576748811,34.66804,5.7843914,11.389217
1748576748811,39.1452,4.426879,9.519346
1748576748811,40.653545,4.5561657,6.4380083
1748576748811,36.310463,6.349423,2.3654714
1748576748811,31.301792,7.345411,-1.2162545
1748576748811,28.869284,6.6486983,-3.7660792
1748576748811,28.965052,6.021417,-3.311181
1748576748811,34.58185,8.779537,2.468422
1748576748811,44.738052,14.65012,7.884106
1748576748811,38.072594,16.759413,16.654066
1748576748811,24.926033,12.334928,32.221165
1748576748811,-39.621643,56.199097,24.765623
1748576748811,28.852524,-0.62967503,25.713726
1748576748811,30.933086,10.18254,17.341204
1748576748811,14.513651,22.67309,14.551958
1748576748811,12.418724,29.331366,16.64449
1748576748811,44.283154,31.888372,8.054094
1748576748811,17.597382,34.478897,10.386047
1748576748811,14.377181,18.693928,-0.4381389
1748576748811,25.275587,10.0269165,-5.741296
1748576748811,45.07803,9.933543,-8.573636
1748576748811,70.01604,2.44448,-14.717158
1748576748811,55.128887,-11.288661,-24.243687
1748576748811,60.1208,-22.05778,-28.814217
1748576748812,71.46452,-36.18357,-42.23611
1748576748812,75.45805,-49.73954,-55.655613
1748576748812,76.10688,-56.388237,-59.230156
1748576748812,78.38616,-53.321266,-46.507366
1748576748812,73.00639,-42.283997,-25.352201
1748576748812,56.079388,-32.182858,-8.200141
1748576748812,53.46013,-30.626629,-0.39264908
1748576748812,64.67936,-30.827742,-0.521936
1748576748812,70.334465,-28.060043,-6.4164605
1748576748812,67.09032,-20.448877,-9.677363
1748576748812,63.16622,-13.069947,-8.51857
1748576748812,62.670624,-10.833763,-6.4523735
1748576748812,65.95786,-12.045229,-7.560889
1748576748812,66.601906,-12.021287,-11.832145
1748576748812,66.707245,-8.504205,-21.65795
1748576748812,62.96511,-3.8402996,-22.950817
1748576748812,58.358665,0.08140286,-28.646624
1748576748812,52.96932,3.6870706,-32.13258
1748576748812,48.1043,7.4723034,-36.090195
1748576748812,42.415676,10.5919485,-37.5339
1748576748812,36.832397,12.8688345,-37.531506
1748576748812,30.475794,13.046005,-36.717476
1748576748812,25.407269,11.99495,-34.584244
1748576748812,20.4393,12.349293,-31.902739
1748576748812,16.22311,13.321339,-29.242779
1748576748812,11.549629,15.064317,-25.342625
1748576748812,8.295909,17.480066,-21.813572
1748576748813,4.086902,25.45994,-18.6221
1748576748813,3.3279405,42.652702,-22.055386
1748576748813,7.297527,45.923183,-20.094534
1748576748813,3.181894,24.056938,-16.24466
1748576748813,-3.0550013,7.575254,-12.040441
1748576748813,-5.614403,10.362105,-6.993463
1748576748813,-6.0357823,16.189592,3.004723
1748576748813,-7.7069354,19.199104,9.715671
1748576748813,-9.002198,20.573376,11.070788
1748576748813,-6.4906807,22.167913,9.212888
1748576748813,-3.1842883,23.013067,0.6727707
1748576748813,2.9281087,19.953278,-3.940856
1748576748813,10.608707,13.374011,-9.244013
1748576748813,17.611748,2.0470424,-17.221493
1748576748813,27.018566,-15.689203,-16.725893
1748576748813,20.37705,-31.634586,-11.882423
1748576748813,12.349293,-36.806065,-7.869741
1748576748813,12.548011,-28.699295,-6.8689647
1748576748813,7.6231384,-19.728222,-2.4061728
1748576748813,5.4659624,-14.858416,-1.30484
1748576748813,7.1131735,-13.208811,-4.209007
1748576748813,9.964667,-12.469003,-6.619968
1748576748813,12.469003,-10.460267,-7.0461354
1748576748813,13.421895,-7.9391727,-7.1873937
1748576748814,13.383588,-5.4061074,-6.054936
1748576748814,11.975797,-2.4827871,-3.9576154
1748576748814,10.352529,1.5562311,-2.3319526
1748576748814,12.672509,9.660604,0.045489833
1748576748814,16.642096,9.770737,0.1412579
1748576748814,22.167913,6.1938,-0.6392518
1748576748814,26.58761,1.3862427,-4.122815
1748576748814,31.481358,-2.6360161,-8.161834
1748576748814,36.58101,-5.159505,-9.92636
1748576748814,40.85705,-5.8562174,-10.546458
1748576748814,45.104366,-8.726865,-8.7292595
1748576748814,47.74517,-15.229517,-5.2265425
1748576748814,47.115494,-27.269957,0.60094464
1748576748814,39.20505,-37.89782,7.615956
1748576748814,27.332207,-36.094986,5.7484784
1748576748814,20.733788,-26.941952,3.217807
1748576748814,17.81765,-18.79209,4.644751
1748576748814,15.598224,-13.611036,8.834604
1748576748814,13.024457,-9.339781,14.990097
1748576748814,13.833697,-4.177882,16.678009
1748576748814,19.838356,4.144363,16.110582
1748576748814,27.246016,10.46745,15.234305
1748576748814,27.81823,10.21127,13.4195
1748576748814,23.678656,8.966286,9.785102
1748576748815,20.020315,7.7907324,6.2871737
1748576748815,16.582241,6.3422403,3.8019924
1748576748815,13.821727,5.2528787,2.0254946
1748576748815,12.885593,3.9959226,1.3072342
1748576748815,14.12579,0.7350199,2.7102363
1748576748815,17.245436,-3.6463692,4.8841715
1748576748815,21.31079,-7.4124484,4.2664676
1748576748815,23.49909,-9.425972,0.37349546
1748576748815,20.738575,-10.101137,-2.719813
1748576748815,12.040441,-10.699687,-2.5091233
1748576748815,3.667917,-10.381259,-4.8961425
1748576748815,1.9967642,-10.328587,-4.817134
1748576748815,6.5744777,-11.496957,-4.5441947
1748576748815,13.218388,-13.273455,-0.5363012
1748576748815,18.083405,-14.987702,-5.851429
1748576748815,18.674774,-13.038822,-6.117185
1748576748815,18.744205,-10.2974615,-5.554548
1748576748815,19.273323,-7.074866,-5.0134583
1748576748815,20.851103,-3.9983168,-3.58412
1748576748815,22.40494,-1.7405846,-1.4891934
1748576748815,22.96997,-0.6847417,0.007182605
1748576748815,22.141577,0.095768064,0.80445176
1748576748815,19.905394,1.1420342,-0.34715924
1748576748815,16.4338,1.9081788,-2.2026656
1748576748815,12.926295,2.1380222,-4.232949
1748576748815,9.986216,3.2273839,-4.6040497
1748576748815,7.429208,5.2983685,-5.351041
1748576748816,5.2002063,7.752425,-6.799533
1748576748816,2.8514943,10.477027,-8.37013
1748576748816,-0.2633622,13.900735,-11.133038
1748576748816,-2.8921957,22.42888,-18.871098
1748576748816,-8.99741,29.199684,-29.113493
1748576748816,-13.467384,28.443117,-33.870773
1748576748816,-14.753071,14.858416,-39.23857
1748576748816,-13.752295,1.4628572,-39.36307
1748576748816,13.608643,-12.37084,3.1866825
1748576748816,44.043736,-14.563929,-20.025103
1748576748816,15.349227,0.4213795,-12.533646
1748576748816,-2.4708161,15.255854,-6.4188547
1748576748816,8.082825,22.926876,-6.0525417
1748576748816,24.528597,24.56451,-10.702082
1748576748816,40.981552,22.811954,-17.044321
1748576748816,64.72246,20.343533,-31.031248
1748576748816,78.32152,10.78109,-41.96557
1748576748816,78.426865,-5.2840033,-48.003742
1748576748816,78.42926,-22.270864,-50.079517
1748576748816,71.10061,-31.273062,-54.875103
1748576748816,63.867725,-30.839712,-61.79195
1748576748816,61.035385,-19.654001,-67.37283
1748576748816,59.11284,-3.2632968,-69.96097
1748576748816,61.12397,10.120291,-70.310524
1748576748816,68.83809,17.870321,-65.46466
1748576748816,75.20187,16.378735,-56.35951
1748576748816,74.81162,5.379771,-47.10592
1748576748817,71.53156,-2.3080103,-41.96557
1748576748817,69.81253,-4.3382936,-37.68234
1748576748817,68.103065,-0.6368576,-34.249054
1748576748817,65.84294,4.6232033,-28.917168
1748576748817,60.872578,10.084377,-23.592464
1748576748817,56.29247,14.836868,-19.321207
1748576748817,53.15128,17.932571,-15.500062
1748576748817,50.603848,19.541473,-12.952631
1748576748817,50.292603,23.906103,-11.2312
1748576748817,47.441105,36.43975,-13.326127
1748576748817,38.87944,55.84236,-19.041086
1748576748817,19.680338,71.823654,-12.275072
1748576748817,-0.7685388,78.37659,-3.0693667
1748576748817,-12.543222,78.42926,-12.768278
1748576748817,-5.7748146,73.09498,-21.981165
1748576748817,7.1706343,58.823143,-26.149471
1748576748817,20.556616,48.870445,-32.874783
1748576748817,37.64164,38.079777,-35.496433
1748576748817,49.91671,23.077711,-38.88423
1748576748817,50.292603,15.172056,-34.368767
1748576748817,47.697285,12.217611,-34.960133
1748576748817,50.982132,12.658144,-44.362164
1748576748817,70.78936,10.014946,-47.3621
1748576748817,78.36941,4.5418005,-44.299915
1748576748817,78.42926,-13.125013,-17.640478
1748576748817,78.42926,-0.51235914,-9.181764
1748576748817,69.68324,14.717158,-5.386954
1748576748818,72.498825,3.9456444,-5.08289
1748576748818,70.21954,-12.957419,-4.5801077
1748576748818,62.613163,-14.748282,4.3622355
1748576748818,51.786583,-5.530606,15.243882
1748576748818,45.621513,-8.810662,19.139248
1748576748818,42.911278,-16.996437,20.611683
1748576748818,42.003876,-20.796036,18.51915
1748576748818,37.081394,-31.244331,21.507114
1748576748818,30.949846,-28.886044,28.79267
1748576748818,26.714502,-27.30587,29.125463
1748576748818,24.581268,-26.57564,29.72162
1748576748818,27.178978,-25.086445,29.683313
1748576748818,28.811823,-24.025814,26.738445
1748576748818,25.03138,-24.236504,20.63802
1748576748818,19.51035,-23.76724,13.342886
1748576748818,16.038757,-24.375368,6.447585
1748576748818,15.741877,-27.51656,1.6328455
1748576748818,17.74343,-29.8533,-1.0654198
1748576748818,21.212627,-29.82457,-4.5058875
1748576748818,27.588387,-29.776686,-1.508347
1748576748818,43.26083,-31.004911,1.661576
1748576748818,65.8597,-31.38559,-0.36391866
1748576748818,78.3311,-29.984982,-3.2585084
1748576748818,78.426865,-33.643322,-3.2968156
1748576748818,78.42926,-29.293058,-11.058818
1748576748819,76.97119,-17.20234,-24.626759
1748576748819,75.61847,-10.702082,-39.24336
1748576748819,69.01286,-7.589619,-48.98058
1748576748819,60.54457,-2.0207062,-48.530468
1748576748819,49.62462,4.24492,-46.220062
1748576748819,41.074924,1.8028339,-42.06852
1748576748819,34.22751,-9.830592,-27.657818
1748576748819,26.78154,-19.632454,-9.01417
1748576748819,34.39989,-19.608511,-4.673482
1748576748819,35.90345,-20.875044,-3.0621839
1748576748819,35.67121,-20.659567,-0.63206923
1748576748819,36.961685,-13.663709,-2.0278888
1748576748819,32.486923,-11.741165,0.5602432
1748576748819,33.63135,-14.245501,8.080431
1748576748819,33.889927,-13.517663,16.646885
1748576748819,30.715214,-8.087613,20.314802
1748576748819,29.09434,0.545878,14.863204
1748576748819,30.499735,9.287108,7.1706343
1748576748819,31.280245,17.870321,1.1851299
1748576748819,29.072792,26.932375,-3.6631286
1748576748819,22.14876,36.624104,-8.291121
1748576748819,13.860034,42.44441,-10.675745
1748576748819,2.6551697,40.620026,-10.192117
1748576748819,1.4269443,32.14934,-13.364434
1748576748819,5.590461,21.253328,-11.59033
1748576748819,4.1299977,18.504786,-12.5264635
1748576748819,7.007828,17.913418,-19.773712
1748576748820,10.70687,15.962143,-30.949846
1748576748820,11.834539,10.072407,-44.73087
1748576748820,13.072341,-2.8395233,-58.210224
1748576748820,13.01488,-24.4855,-59.69463
1748576748820,2.1260512,-42.50426,-34.84282
1748576748820,-73.50678,-45.48744,77.58171
1748576748820,13.268666,-78.21139,-61.629147
1748576748820,-34.438198,-13.879188,-19.665974
1748576748820,-15.531186,5.734113,-19.278112
1748576748820,-1.9991584,2.9735985,-16.9294
1748576748820,-13.342886,-2.4947581,-8.662222
1748576748820,-24.21735,-6.9048777,-2.3654714
1748576748820,-35.63051,-4.6471453,-15.397111
1748576748820,-36.822823,7.9487495,-7.053318
1748576748820,-31.392773,18.210299,-5.2863975
1748576748820,-23.781605,5.3199162,-14.1904335
1748576748820,-15.636531,-22.955606,-23.788788
1748576748820,-9.981427,-34.933796,-31.335312
1748576748820,-6.4427967,-28.002583,-43.81868
1748576748820,-1.946486,-16.170439,-39.114075
1748576748820,1.5155296,-11.432313,-36.15005
1748576748820,16.76899,-12.014104,-7.565677
1748576748820,23.135172,-21.614853,-19.821596
1748576748820,9.720459,-26.994625,-13.184869
1748576748820,4.687847,-17.683575,-13.156138
1748576748821,11.159374,-14.4849205,-7.606379
1748576748821,21.188684,-19.831173,-3.8139634
1748576748821,35.271378,-33.174057,-0.3854665
1748576748821,45.822628,-41.223366,-4.855441
1748576748821,53.570263,-39.899372,-13.067553
1748576748821,61.473522,-34.840424,-21.758505
1748576748821,68.63697,-28.060043,-21.447258
1748576748821,64.59556,-24.349031,-13.603854
1748576748821,53.598995,-15.195998,-5.7963624
1748576748821,46.538494,-2.4995465,-0.10534488
1748576748821,41.740513,8.360553,6.5002575
1748576748821,33.097443,16.115372,11.32218
1748576748821,23.551762,16.014814,8.121132
1748576748821,19.294872,12.291832,3.4356794
1748576748821,20.623653,9.358934,-1.1540052
1748576748821,22.840685,6.9407907,-4.3382936
1748576748821,24.140736,5.985504,-6.9767036
1748576748821,24.677036,7.091625,-8.78672
1748576748821,29.34573,10.400413,-7.809886
1748576748821,30.018501,13.929465,-7.383718
1748576748821,27.899632,16.04594,-7.917625
1748576748821,20.740969,16.989256,-10.771513
1748576748821,12.176909,15.667656,-13.275848
1748576748821,5.556942,13.946225,-14.049175
1748576748821,3.4715924,9.497798,-14.686033
1748576748821,5.899313,1.0414777,-14.939818
1748576748821,10.515334,-8.832211,-13.96059
1748576748822,16.704346,-16.05791,-13.22557
1748576748822,18.483236,-19.740192,-13.201628
1748576748822,15.770607,-24.387339,-13.302185
1748576748822,11.099519,-29.091946,-15.313314
1748576748822,10.038888,-30.858866,-15.641319
1748576748822,8.810662,-33.90429,-18.528727
1748576748822,8.74123,-36.308067,-17.044321
1748576748822,5.626374,-34.744656,-21.90934
1748576748822,2.8658595,-31.823729,-23.070528
1748576748822,0.10295067,-30.849289,-24.313118
1748576748822,-0.8810662,-31.759085,-27.753586
1748576748822,-4.0557775,-36.375107,-27.825413
1748576748822,-4.3023806,-43.821075,-23.422476
1748576748822,0.48841715,-41.912895,-12.143391
1748576748822,2.7820623,-30.559591,-3.0190883
1748576748822,4.9176903,-22.17749,8.674192
1748576748822,12.023681,-16.488867,14.947001
1748576748822,20.942081,-16.060305,16.388311
1748576748822,41.429268,-25.610775,13.369223
1748576748822,35.19237,-33.09505,5.7149596
1748576748822,38.75255,-13.397953,-17.463306
1748576748822,36.98802,-9.129091,-16.007633
1748576748822,36.051888,-6.4978633,-12.239159
1748576748823,37.06703,-7.680599,-7.9248075
1748576748823,37.75656,-10.510546,-6.9000893
1748576748823,37.368702,-13.39077,-6.409278
1748576748823,34.210747,-15.267824,-6.4547677
1748576748823,31.778238,-17.28853,-7.740454
1748576748823,31.002518,-19.594147,-12.480973
1748576748823,30.193277,-21.229387,-15.454572
1748576748823,28.076803,-19.211075,-17.29332
1748576748823,28.079197,-19.330784,-18.499996
1748576748823,26.669012,-18.545486,-13.467384
1748576748823,28.352137,-15.052346,-9.344569
1748576748823,39.719807,-10.575189,-2.4396915
1748576748823,55.428165,-9.631873,-6.2823853
1748576748823,72.29292,-16.373945,-23.918076
1748576748823,75.987175,-28.842947,-36.01119
1748576748823,69.02244,-37.10773,-31.160536
1748576748823,69.11102,-23.384169,-24.47353
1748576748823,69.620995,-10.010158,-16.821661
1748576748823,68.40234,-10.065224,-14.551958
1748576748823,65.115105,-15.959748,-13.55597
1748576748823,59.84068,-16.587029,-11.257536
1748576748823,56.347538,-15.081077,-8.9279785
1748576748823,53.115364,-13.912706,-8.825027
1748576748824,51.82489,-11.346122,-7.079654
1748576748824,51.805737,-9.598354,-7.0221934
1748576748824,51.16888,-8.544906,-7.855376
1748576748824,50.204014,-8.561666,-8.058883
1748576748824,48.59511,-9.433155,-7.764396
1748576748824,47.314213,-9.816227,-8.1163435
1748576748824,46.399628,-9.7324295,-9.423578
1748576748824,46.923958,-9.44752,-11.207258
1748576748824,50.979736,-9.892841,-14.353239
1748576748824,52.46414,-11.058818,-18.521544
1748576748824,37.43095,-15.454572,-22.651543
1748576748824,33.60262,-14.772224,-22.129606
1748576748824,30.626629,-14.338874,-21.586123
1748576748824,28.567616,-16.048334,-20.997149
1748576748824,24.77041,-19.230228,-19.136854
1748576748824,20.547039,-22.972364,-17.24304
1748576748824,15.840038,-24.088064,-14.745889
1748576748824,11.271901,-23.851038,-12.334928
1748576748824,5.2361193,-19.553446,-9.500193
1748576748824,4.3766007,-18.49042,-9.43076
1748576748824,4.6806645,-17.774553,-10.747571
1748576748824,4.2521024,-18.753782,-12.452243
1748576748824,4.3622355,-22.397757,-12.969391
1748576748824,4.4939165,-25.50543,-13.752295
1748576748824,5.671864,-26.003426,-15.526398
1748576748824,9.330204,-22.73055,-16.117765
1748576748824,11.786655,-17.717093,-14.429853
1748576748824,11.446678,-12.634202,-14.7794075
1748576748824,11.537658,-7.6255326,-13.393165
1748576748825,12.294226,-4.4484267,-12.641385
1748576748825,18.538303,2.9616275,-10.6877165
1748576748825,39.21463,77.84029,-3.608062
1748576748825,26.352978,-32.910698,-65.651405
1748576748825,-19.223045,16.007633,2.741361
1748576748825,0.30885202,-8.508993,-7.417237
1748576748825,30.698454,-0.94331545,-4.211401
1748576748825,20.041862,-6.7923503,-5.7005944
1748576748825,14.987702,-4.642357,-3.7924154
1748576748825,13.702016,-1.7932571,-2.4660277
1748576748825,12.662932,-6.8881183,-5.353435
1748576748825,15.914259,-7.132327,-7.0605006
1748576748825,21.435287,0.7278373,-4.4603977
1748576748825,19.52232,5.719748,-1.2090719
1748576748825,13.634978,7.577648,1.7669208
1748576748825,9.466674,9.61272,2.930503
1748576748825,8.209718,12.62702,3.4859576
1748576748825,7.419631,14.106636,1.8602947
1748576748825,9.148245,12.65575,0.7038953
1748576748825,13.88637,12.933477,-3.4500446
1748576748825,14.78659,9.222465,-6.540959
1748576748825,13.9438305,4.51307,-9.390059
1748576748825,12.421119,0.93373865,-10.656591
1748576748825,10.390836,-1.4149733,-9.452309
1748576748825,10.390836,-1.4149733,-9.452309
1748576748825,8.47308,-1.6232687,-8.264784
1748576748825,7.800309,0.20590134,-7.1514807
1748576748825,8.066066,2.396596,-6.4619503
1748576748825,8.032547,3.8139634,-6.3542113
1748576748826,7.9272017,3.5170822,-6.3685765
1748576748826,7.201759,1.6998832,-6.835446
1748576748826,6.4427967,-0.51714754,-7.881712
1748576748826,5.7867856,-2.0278888,-9.124303
1748576748826,4.8698063,-2.8203697,-10.2974615
1748576748826,3.6511576,-2.3056161,-11.324574
1748576748826,2.087744,-1.4820108,-13.053187
1748576748826,0.22266077,-1.3575124,-15.049952
1748576748826,-0.81402856,-1.7118542,-19.251776
1748576748826,-0.7469909,-1.2521675,-23.582888
1748576748826,0.7326257,-2.111686,-28.10314
1748576748826,7.716512,-6.8545995,-30.72479
1748576748826,20.9349,-13.702016,-29.606699
1748576748826,27.8302,-16.663643,-29.068003
1748576748826,15.619772,-13.962984,-24.751257
1748576748826,20.743364,-9.090784,-21.981165
1748576748826,25.103205,-5.8083334,-18.344374
1748576748826,27.39685,-4.048595,-16.402676
1748576748826,28.756756,-3.3901896,-15.507244
1748576748826,29.175741,-4.984728,-16.436195
1748576748826,27.691338,-6.706159,-17.903841
1748576748826,30.86126,-8.341399,-19.632454
1748576748826,30.89478,-7.6255326,-20.563799
1748576748826,31.821335,-5.770026,-20.743364
1748576748826,34.268208,-4.3239284,-17.104177
1748576748826,34.83324,2.4013844,-13.424289
1748576748826,37.486015,10.240001,-11.959038
1748576748827,44.0988,12.109872,-13.00291
1748576748827,47.994167,14.542381,-15.14572
1748576748827,51.23831,17.403452,-16.68998
1748576748827,51.697998,18.851944,-17.209522
1748576748827,48.379635,18.394651,-16.103401
1748576748827,43.868958,14.489709,-12.753913
1748576748827,37.735012,11.892,-10.55843
1748576748827,35.36954,7.860164,-9.361329
1748576748827,35.90345,3.8642416,-8.62152
1748576748827,35.896267,0.79487497,-7.2831616
1748576748827,35.75501,-1.2354081,-5.9639564
1748576748827,35.470097,-5.1642933,-5.825093
1748576748827,36.609737,-9.174581,-7.819463
1748576748827,39.114075,-12.605472,-9.588778
1748576748827,44.75242,-20.233398,-10.575189
1748576748827,51.482517,-24.662672,-18.452112
1748576748827,60.841454,-29.819782,-29.783869
1748576748827,69.999275,-39.46123,-36.02316
1748576748827,70.98329,-38.383842,-37.438133
1748576748827,71.80211,-31.076738,-36.63368
1748576748827,73.83958,-26.01779,-31.124622
1748576748827,72.87471,-15.363592,-29.269115
1748576748827,74.31363,1.3599066,-24.066515
1748576748827,68.90513,17.219099,-15.875952
1748576748827,65.33298,27.997795,-7.326257
1748576748828,64.02814,33.39193,1.8507179
1748576748828,56.213463,43.435608,9.679757
1748576748828,42.22175,45.429977,19.424158
1748576748828,32.225956,41.74291,22.167913
1748576748828,23.513454,29.288269,23.467964
1748576748828,16.065094,20.618866,20.420147
1748576748828,14.587871,18.641254,9.878476
1748576748828,15.569493,8.779537,1.4413095
1748576748828,14.714764,-0.9840169,2.6647465
1748576748828,12.265495,0.557849,3.1148565
1748576748828,11.559206,7.9583263,1.520318
1748576748828,9.0429,8.544906,0.9840169
1748576748828,7.0461354,3.940856,-0.8331822
1748576748828,6.5218053,1.5107412,-1.4915876
1748576748828,2.956839,3.58412,-2.3080103
1748576748828,1.8148049,4.560954,-2.6503813
1748576748828,1.6280571,4.1659107,-2.7700913
1748576748828,1.0103531,3.691859,-2.789245
1748576748828,-1.6831238,3.6703112,-2.4109612
1748576748828,-3.6487634,4.1802764,-1.661576
1748576748828,-6.066907,4.1036615,3.1531637
1748576748828,-8.784326,4.3646297,6.71813
1748576748828,-14.5567465,7.8745294,7.587225
1748576748828,-16.982073,11.753136,4.213795
1748576748828,-16.041151,16.2279,-1.2904748
1748576748828,-10.0341,15.286978,-13.96059
1748576748828,-2.89459,11.135432,-31.888372
1748576748828,-4.0821137,6.4739213,-61.09045
1748576748829,-6.2009826,-2.942474,-78.29518
1748576748829,-10.623073,-2.813187,-78.42926
1748576748829,-10.283096,5.1906295,-59.333107
1748576748829,-10.307038,12.964602,-13.515268
1748576748829,14.583082,14.865599,-25.668236
1748576748829,14.654908,21.363462,-29.67134
1748576748829,11.063606,19.170374,-29.249962
1748576748829,11.121067,13.515268,-28.08638
1748576748829,13.467384,7.824251,-25.756823
1748576748829,15.282189,1.9752164,-22.562958
1748576748829,15.423448,-2.2337902,-19.838356
1748576748829,12.928689,-2.791639,-18.217482
1748576748829,11.868058,-2.707842,-16.354792
1748576748829,12.069171,-2.2266076,-14.985309
1748576748829,12.088325,-1.067814,-14.554352
1748576748829,12.421119,-0.79487497,-14.075512
1748576748829,12.423512,-1.3599066,-13.558364
1748576748829,12.203246,-2.2505496,-13.558364
1748576748829,12.3516865,-2.336741,-13.608643
1748576748829,13.072341,-1.2952632,-13.194446
1748576748829,13.88637,0.15083471,-13.00291
1748576748829,14.317327,1.5945383,-12.143391
1748576748829,15.492879,3.3901896,-10.623073
1748576748829,13.36204,3.1651347,-7.750031
1748576748829,12.361263,3.1531637,-6.655881
1748576748829,10.742783,3.5793316,-4.903325
1748576748829,9.68694,3.9145198,-3.572149
1748576748829,9.363723,4.3358994,-2.6910827
1748576748829,9.595961,5.171476,-1.5035586
1748576748830,11.022904,6.0956373,0.1604115
1748576748830,13.172897,6.9599442,1.2162545
1748576748830,16.14889,7.2664022,0.7278373
1748576748830,19.115307,8.037335,-0.59136784
1748576748830,21.217415,9.301474,-1.6998832
1748576748830,21.973984,11.106702,-2.9017725
1748576748830,21.16235,12.193669,-3.9360676
1748576748830,19.201498,12.74673,-6.615179
1748576748830,16.472107,12.217611,-3.347094
1748576748830,19.713858,10.079589,-5.801151
1748576748830,23.908499,6.7444663,-6.775591
1748576748830,27.811047,1.7262194,-7.762002
1748576748830,30.978577,-5.279215,-10.280702
1748576748830,41.88656,-3.9600096,-9.435549
1748576748830,48.767494,1.5394717,-10.575189
1748576748830,55.89264,1.9776106,-10.414778
1748576748830,59.479153,-3.0693667,-11.882423
1748576748830,57.470417,-9.672575,-12.160151
1748576748830,51.506462,-14.592659,-12.313379
1748576748830,43.478703,-11.779472,-15.270219
1748576748830,37.30645,-10.426748,-16.050728
1748576748830,31.814152,-9.847352,-15.698781
1748576748830,27.633877,-9.507375,-13.304579
1748576748830,24.389732,-8.422802,-10.254366
1748576748830,22.069752,-6.4978633,-7.469909
1748576748830,20.738575,-5.305551,-5.0397944
1748576748831,20.35311,-5.353435,-3.6583402
1748576748831,20.242975,-6.256049,-3.7301662
1748576748831,20.523096,-7.4627266,-5.058948
1748576748831,20.219034,-8.195353,-7.881712
1748576748831,19.01475,-7.654263,-10.675745
1748576748831,16.994043,-6.169858,-12.818556
1748576748831,15.21994,-4.213795,-14.647726
1748576748831,14.159308,-2.60968,-15.449783
1748576748831,14.551958,-0.9576807,-13.9677725
1748576748831,11.822568,3.064578,-15.986085
1748576748831,12.349293,4.43885,-14.5759
1748576748831,9.385271,6.8210807,-12.320562
1748576748831,6.7731967,9.876082,-10.692505
1748576748831,3.4500446,10.390836,-8.312668
1748576748831,3.0885203,7.410054,-6.6654577
1748576748831,5.971139,3.3135753,-6.2225304
1748576748831,7.431602,1.0366893,-6.9958572
1748576748831,8.231265,0.80684596,-7.381324
1748576748831,5.686229,2.8682537,-10.362105
1748576748831,12.140997,-0.92655605,-11.310209
1748576748831,13.788208,-3.0597897,-11.9853735
1748576748831,13.9917145,-4.0222588,-12.174516
1748576748831,15.164873,-5.070919,-12.53604
1748576748831,15.564705,-5.4779334,-11.370064
1748576748831,15.14572,-4.7309427,-10.371682
1748576748831,15.581465,-6.7444663,-6.2345014
1748576748831,17.72667,-7.9248075,-7.5201874
1748576748831,20.286072,-9.121908,-9.196129
1748576748831,23.070528,-10.244789,-11.307815
1748576748832,26.800694,-11.405977,-13.117831
1748576748832,29.261932,-11.884817,-14.269443
1748576748832,30.65057,-12.447454,-14.298173
1748576748832,31.59628,-12.72997,-13.613431
1748576748832,32.043995,-12.586318,-12.741941
1748576748832,32.707188,-11.841722,-12.028469
1748576748832,33.62417,-10.189722,-11.769896
1748576748832,36.01837,-5.861006,-12.593501
1748576748832,37.93852,-4.5992613,-12.710816
1748576748832,39.77487,-3.8019924,-12.552799
1748576748832,40.46201,-3.5290532,-11.401189
1748576748832,39.118862,-3.1172507,-9.636662
1748576748832,37.167587,-2.96881,-7.7691846
1748576748832,36.516365,-3.2321723,-6.9048777
1748576748832,35.77895,-3.8187518,-8.293514
1748576748832,33.3632,-4.6710877,-8.798691
1748576748832,29.084763,-4.960786,-8.74123
1748576748832,24.751257,-5.2648497,-8.968679
1748576748832,22.397757,-4.9081135,-9.267955
1748576748832,21.238964,-5.542577,-11.944673
1748576748832,21.121647,-6.8641763,-14.250289
1748576748832,20.01792,-8.176199,-16.802507
1748576748832,18.38268,-9.457097,-18.555063
1748576748832,-8.508993,5.2648497,-23.716963
1748576748832,-11.583148,2.56419,-16.45056
1748576748832,-13.374011,-0.7302315,-10.833763
1748576748832,-13.421895,-5.3438582,-7.560889
1748576748832,-13.077129,-9.801862,-4.7907977
1748576748833,-9.928755,-12.509704,-2.5210943
1748576748833,-10.220847,-12.98615,-0.90979666
1748576748833,-8.956709,-14.003686,-3.3255463
1748576748833,-6.7085533,-16.21114,-6.9383965
1748576748833,-2.846706,-17.24304,-11.695675
1748576748833,0.20829555,-17.142485,-14.29099
1748576748833,2.5306711,-17.128119,-10.522516
1748576748833,4.8219223,-15.318103,-5.5497594
1748576748833,6.9479733,-12.349293,-1.3335704
1748576748833,7.2831616,-8.863335,1.5586253
1748576748833,7.1275387,-5.4085016,4.405331
1748576748833,6.6965823,-2.4420857,7.03177
1748576748833,5.949591,-0.11971009,9.730036
1748576748833,5.255273,2.3127987,12.105083
1748576748833,4.5681367,5.741296,13.692439
1748576748833,3.6391866,8.750807,13.867216
1748576748833,2.4779987,10.299856,13.603854
1748576748833,0.7445967,10.630256,11.820174
1748576748833,-1.1300632,9.507375,9.667787
1748576748833,-2.4253263,7.0940194,7.7572136
1748576748833,-2.9999347,4.6112323,6.361394
1748576748833,-3.7373488,3.3901896,5.6886234
1748576748833,-4.3766007,3.3279405,5.485116
1748576748833,-5.0062757,4.223372,5.5138464
1748576748833,-5.542577,5.221754,5.746084
1748576748833,-5.683835,5.645528,6.2943563
1748576748833,-5.45878,5.5042696,7.0365586
1748576748833,-4.9200845,5.4204726,7.441179
1748576748834,0.06464344,3.5793316,8.882488
1748576748834,0.01436521,3.632004,8.767567
1748576748834,-0.05746084,3.6822822,8.698134
1748576748834,-0.07182605,3.8714242,8.645462
1748576748834,-0.19632454,4.010288,8.683769
1748576748834,-0.059855044,3.892972,8.829816
1748576748834,-0.18195933,3.7948096,8.848969
1748576748834,-0.2681506,3.7349546,8.916007
1748576748834,-0.24899697,3.7205894,9.01417
1748576748834,-0.2705448,3.7110126,9.0716305
1748576748834,-0.29448682,3.6008794,9.0716305
1748576748834,-0.20590134,3.442862,9.196129
1748576748834,-0.2633622,3.5003228,9.174581
1748576748834,-0.19632454,3.3925838,9.244013
1748576748834,-0.10534488,3.3087866,9.19134
1748576748834,0.021547815,3.229778,9.248801
1748576748834,0.033518825,3.347094,9.196129
1748576748834,-0.076614454,3.6056678,9.239224
1748576748834,-0.19632454,3.6535518,9.11712
1748576748834,-0.35194764,3.514688,9.076419
1748576748834,-0.32321724,3.2728736,9.066842
1748576748834,-0.4261679,3.0358477,9.102755
1748576748834,-0.48362875,2.870648,8.971074
1748576748835,-0.39983168,2.885013,8.932767
1748576748835,-0.24181437,3.0885203,8.947132
1748576748835,-0.22505496,3.430891,8.968679
1748576748835,-0.34955344,3.6463692,8.978256
1748576748835,-0.34715924,3.5769374,8.9519205
1748576748835,-0.5434838,3.7301662,8.935161
1748576748835,-0.6560113,3.3087866,8.870518
1748576748835,-0.6799533,2.9640217,8.683769
1748576748835,-0.51954174,3.0310593,8.717288
1748576748835,-0.6344634,2.9855695,8.693346
1748576748835,-0.5386954,2.6168625,8.619126
1748576748835,-0.39504328,2.420538,8.516175
1748576748835,-0.2633622,2.5953147,8.456321
1748576748835,-0.3184288,3.0573955,8.554482
1748576748835,-0.5482722,3.7181952,8.626308
1748576748835,-0.47884035,3.881001,8.614338
1748576748835,-0.7278373,4.0821137,8.619126
1748576748835,-0.81642276,4.0916905,8.678981
1748576748835,-0.641646,3.8163576,8.7771435
1748576748835,-0.51714754,3.5673606,8.841787
1748576748835,-0.4357447,3.095703,8.901642
1748576748836,-0.21787235,2.7485435,8.968679
1748576748836,-0.12928689,2.7605145,8.985439
1748576748836,-0.107739076,2.9281087,9.066842
1748576748836,-0.33758244,3.3183637,9.074024
1748576748836,-0.5267244,3.5170822,9.090784
1748576748836,-0.5722142,3.6367924,9.169792
1748576748836,-0.5626374,3.6367924,9.069236
1748576748836,-0.4333505,3.58412,9.030929
1748576748836,-0.46208093,3.5649664,9.030929
1748576748836,-0.4309563,3.4596214,9.090784
1748576748836,-0.40222588,3.41892,9.083601
1748576748836,-0.16998832,3.5817258,9.011775
1748576748836,-0.16519992,3.763685,8.990228
1748576748836,-0.21068975,3.9480386,8.571242
1748576748836,-0.22505496,5.130774,10.1226845
1748576748836,-1.283292,3.442862,8.6574335
1748576748836,-0.91937345,4.012682,8.793902
1748576748836,-0.46686932,3.7134068,8.913613
1748576748836,-0.17956513,3.2465374,9.097966
1748576748836,-0.14604631,3.301604,9.325416
1748576748836,-0.023942016,3.1603463,9.524135
1748576748836,-0.16759412,3.3614593,9.682152
1748576748836,0.11731588,3.3614593,9.682152
1748576748836,0.8283938,3.1028855,9.409213
1748576748836,-0.7158663,3.2369606,9.02614
1748576748836,-1.2162545,3.347094,9.141062
1748576748836,-1.127669,3.70383,8.889671
1748576748836,-0.49799395,3.9121256,8.767567
